"Row","Depth","RES","RES Color","Top Names","Top Depth","Top Color"
"2","32.8","32.7","","","",""
"3","32.6","33.6","","","",""
"4","32.8","37.2","","","",""
"5","33","38.3","","","",""
"6","33","38.3","","","",""
"7","33","40.8","","","",""
"8","33.3","42.4","","","",""
"9","33.3","43.5","","","",""
"10","33.3","45.2","","","",""
"11","33.5","46.4","","","",""
"12","33.5","46.4","","","",""
"13","33.7","42.4","","","",""
"14","33.9","39.7","","","",""
"15","34.1","39.7","","","",""
"16","34.1","40.8","","","",""
"17","34.3","40.8","","","",""
"17","34.6","38.6","","","",""
"18","34.8","37.2","","","",""
"19","34.8","36.2","","","",""
"20","35","33.9","","","",""
"21","35","32.7","","","",""
"22","35","31.8","","","",""
"23","35.5","28.7","","","",""
"24","35.6","27","","","",""
"25","35.9","25.3","","","",""
"26","35.9","23.7","","","",""
"27","36.3","23","","","",""
"28","36.3","21.6","","","",""
"29","36.3","20.8","","","",""
"30","36.3","20.2","","","",""
"31","36.5","19","","","",""
"32","37","19.5","","","",""
"33","37","19.5","","","",""
"34","37.2","20.8","","","",""
"35","37.4","20.8","","","",""
"36","37.7","21.4","","","",""
"37","37.7","21.4","","","",""
"38","37.8","21.4","","","",""
"39","38.1","21.4","","","",""
"40","38.3","18.3","","","",""
"41","38.5","18.3","","","",""
"42","38.7","19.5","","","",""
"43","39.2","20.8","","","",""
"44","39.2","20.8","","","",""
"45","39.4","20.2","","","",""
"46","39.6","20.2","","","",""
"47","40","20.2","","","",""
"48","40","20.2","","","",""
"49","40.3","20.2","","","",""
"50","40.5","20.8","","","",""
"51","40.5","20.2","","","",""
"52","40.5","19.5","","","",""
"53","40.7","19.5","","","",""
"54","41.2","19.5","","","",""
"55","41.4","20.1","","","",""
"56","41.6","21.4","","","",""
"57","41.8","21.4","","","",""
"58","42","20.8","","","",""
"59","42","20.2","","","",""
"60","42","20.2","","","",""
"61","42.5","19.5","","","",""
"62","42.5","19","","","",""
"63","42.5","19.5","","","",""
"64","42.7","19.5","","","",""
"65","42.9","19.5","","","",""
"66","43.1","19","","","",""
"67","43.1","19","","","",""
"68","43.1","18.3","","","",""
"69","43.4","18.8","","","",""
"70","43.4","18.8","","","",""
"71","43.5","18.3","","","",""
"72","43.8","17.8","","","",""
"73","43.8","17.8","","","",""
"74","44","17.8","","","",""
"75","44","18.3","","","",""
"76","44.4","18.8","","","",""
"77","44.7","18.8","","","",""
"78","44.9","18.8","","","",""
"79","45.1","18.8","","","",""
"80","45.1","19.5","","","",""
"81","45.1","20.1","","","",""
"82","45.5","20.8","","","",""
"83","45.5","20.8","","","",""
"84","46.2","20.2","","","",""
"85","46.4","20.2","","","",""
"86","46.4","20.2","","","",""
"87","46.4","19","","","",""
"88","46.6","18.3","","","",""
"89","46.6","17.8","","","",""
"90","46.9","18.3","","","",""
"91","47.1","18.8","","","",""
"92","47.5","19.5","","","",""
"93","47.5","20.8","","","",""
"94","47.7","19","","","",""
"95","47.9","19","","","",""
"96","48.2","19","","","",""
"97","48.2","19","","","",""
"98","48.4","19","","","",""
"99","48.6","19","","","",""
"100","48.6","16.7","","","",""
"101","48.8","15.6","","","",""
"102","49.1","14.7","","","",""
"103","49.1","14.7","","","",""
"104","49.2","16.1","","","",""
"105","49.5","17.2","","","",""
"106","49.5","18.3","","","",""
"107","49.7","20.1","","","",""
"108","49.9","20.1","","","",""
"109","49.9","19.5","","","",""
"110","49.9","19","","","",""
"111","49.9","18.3","","","",""
"112","49.9","17.8","","","",""
"113","50.4","18.3","","","",""
"114","50.6","18.3","","","",""
"115","50.8","18.3","","","",""
"116","50.8","18.3","","","",""
"117","51.2","17.8","","","",""
"118","51.7","17.8","","","",""
"119","51.9","18.8","","","",""
"120","51.9","18.8","","","",""
"121","51.9","18.8","","","",""
"122","51.9","18.8","","","",""
"123","52.4","17.8","","","",""
"124","52.4","17.8","","","",""
"125","52.8","17.8","","","",""
"126","53.4","17.8","","","",""
"127","53.4","17.2","","","",""
"128","53.4","17.2","","","",""
"129","53.7","18.3","","","",""
"130","53.9","17.8","","","",""
"131","53.9","17.8","","","",""
"132","53.9","16.7","","","",""
"133","54.1","16.1","","","",""
"134","54.1","15.6","","","",""
"135","54.3","15.6","","","",""
"136","54.6","14.1","","","",""
"137","54.8","14.5","","","",""
"138","55.2","15.5","","","",""
"139","55.9","16.5","","","",""
"140","55.9","17.2","","","",""
"141","56.1","16.7","","","",""
"142","56.5","16.1","","","",""
"143","56.5","16.5","","","",""
"144","56.8","15.6","","","",""
"145","56.9","15.1","","","",""
"146","56.9","14.7","","","",""
"147","57.6","14.7","","","",""
"148","57.8","15.1","","","",""
"149","57.8","16.1","","","",""
"150","58.1","15.1","","","",""
"151","58.3","14.7","","","",""
"152","58.5","14.7","","","",""
"153","58.7","14.7","","","",""
"154","58.7","14.7","","","",""
"155","58.7","15.1","","","",""
"156","59","15.1","","","",""
"157","59","15.1","","","",""
"158","59.1","14.7","","","",""
"159","59.1","14.7","","","",""
"160","59.8","14.1","","","",""
"161","60","14.5","","","",""
"162","60.5","15.1","","","",""
"163","60.5","15.5","","","",""
"164","60.9","15.5","","","",""
"165","60.9","16.1","","","",""
"166","60.9","15.1","","","",""
"167","61.1","14.1","","","",""
"168","61.3","14.1","","","",""
"169","61.6","14.1","","","",""
"170","61.6","14.1","","","",""
"171","61.8","13.7","","","",""
"172","62","13.7","","","",""
"173","62.2","14.1","","","",""
"174","62.5","14.1","","","",""
"175","62.7","13.7","","","",""
"176","62.9","14.5","","","",""
"177","62.9","14.5","","","",""
"178","63.3","15.1","","","",""
"179","63.5","15.5","","","",""
"180","63.5","14.7","","","",""
"181","63.5","14.1","","","",""
"182","63.8","13.7","","","",""
"183","64.2","13.7","","","",""
"184","64.4","13.7","","","",""
"185","64.7","13.2","","","",""
"186","64.8","13.2","","","",""
"187","64.8","12.9","","","",""
"188","65.1","13.6","","","",""
"189","65.3","14.1","","","",""
"190","65.5","14.5","","","",""
"191","65.7","14.5","","","",""
"192","65.7","15.1","","","",""
"193","66","15.5","","","",""
"194","66","15.5","","","",""
"195","66","14.7","","","",""
"196","66","14.1","","","",""
"197","66","14.1","","","",""
"198","66","14.1","","","",""
"199","66.2","13.7","","","",""
"200","66.2","13.7","","","",""
"201","66.2","13.7","","","",""
"202","66.4","13.7","","","",""
"203","66.4","13.2","","","",""
"204","66.6","13.6","","","",""
"205","66.6","13.6","","","",""
"206","66.9","13.6","","","",""
"207","66.9","13.6","","","",""
"208","67","13.6","","","",""
"209","67.5","14.5","","","",""
"210","67.3","14.5","","","",""
"211","67.5","14.5","","","",""
"212","67.5","14.1","","","",""
"213","67.5","13.7","","","",""
"214","67.7","13.7","","","",""
"215","67.9","13.7","","","",""
"216","67.9","14.1","","","",""
"217","68.2","14.1","","","",""
"218","68.2","14.5","","","",""
"219","68.4","14.5","","","",""
"220","68.6","14.5","","","",""
"221","68.6","13.2","","","",""
"222","68.8","14.1","","","",""
"223","69.2","14.5","","","",""
"224","69.7","15.1","","","",""
"225","69.5","15.5","","","",""
"226","69.5","15.5","","","",""
"227","69.5","15.1","","","",""
"228","69.9","14.7","","","",""
"229","70.1","14.7","","","",""
"230","70.1","14.1","","","",""
"231","70.1","14.1","","","",""
"232","70.4","13.7","","","",""
"233","70.8","13.7","","","",""
"234","70.8","13.2","","","",""
"235","70.8","12.4","","","",""
"236","70.8","12.1","","","",""
"237","70.8","12.1","","","",""
"238","71","12.1","","","",""
"239","71","11.3","","","",""
"240","71","10.6","","","",""
"241","71.2","11.6","","","",""
"242","71.7","12.4","","","",""
"243","71.7","12.8","","","",""
"244","71.7","12.8","","","",""
"245","71.9","12.4","","","",""
"246","72.1","12.1","","","",""
"247","73","12.8","","","",""
"248","73.2","12.8","","","",""
"249","73.2","12.8","","","",""
"250","73.4","12.8","","","",""
"251","73.4","12.8","","","",""
"252","73.9","11.6","","","",""
"253","73.9","11.3","","","",""
"254","74.3","11.6","","","",""
"255","74.5","12.4","","","",""
"256","74.5","12.8","","","",""
"257","74.7","13.2","","","",""
"258","74.9","14.5","","","",""
"259","75.2","14.5","","","",""
"260","75.2","14.1","","","",""
"261","75.2","14.1","","","",""
"262","75","15.4","","","",""
"263","75.2","15.4","","","",""
"264","75.4","15.4","","","",""
"265","75.6","15.4","","","",""
"266","75.6","15.4","","","",""
"267","75.8","14.9","","","",""
"268","75.8","14.5","","","",""
"269","76.1","14.5","","","",""
"270","76.2","13.6","","","",""
"271","76.5","13.6","","","",""
"272","76.5","13.6","","","",""
"273","76.5","13.1","","","",""
"274","76.5","12.8","","","",""
"275","76.7","12.8","","","",""
"276","76.7","12.3","","","",""
"277","76.7","12.3","","","",""
"278","76.9","12","","","",""
"279","76.9","12","","","",""
"280","76.9","11.2","","","",""
"281","76.9","10.5","","","",""
"282","77.1","9.2","","","",""
"283","77.1","9.8","","","",""
"284","77.1","10.8","","","",""
"285","77.1","11.5","","","",""
"286","77.1","12.3","","","",""
"287","77.1","12.7","","","",""
"288","77.4","13.5","","","",""
"289","77.4","14","","","",""
"290","77.8","14","","","",""
"291","77.8","14","","","",""
"292","78","13.1","","","",""
"293","78","12.3","","","",""
"294","78","11.5","","","",""
"295","78.3","12.3","","","",""
"296","78.3","12.7","","","",""
"297","78.4","13.5","","","",""
"298","78.4","14","","","",""
"299","78.7","14","","","",""
"300","78.7","14","","","",""
"301","78.7","13.1","","","",""
"302","78.9","12.8","","","",""
"303","79.1","12","","","",""
"304","79.1","12","","","",""
"305","79.1","12.3","","","",""
"306","79.3","12.7","","","",""
"307","79.6","13.5","","","",""
"308","79.8","14","","","",""
"309","80","14","","","",""
"310","80","13.1","","","",""
"311","80.2","12.8","","","",""
"312","80.4","12.3","","","",""
"313","80.9","12.3","","","",""
"314","81.1","12.3","","","",""
"315","81.3","12.3","","","",""
"316","81.3","11.5","","","",""
"317","81.3","11.5","","","",""
"318","81.8","11.9","","","",""
"319","81.8","12.3","","","",""
"320","81.8","12.3","","","",""
"321","81.8","12","","","",""
"322","81.9","11.5","","","",""
"323","82.2","11.5","","","",""
"324","82.6","11.9","","","",""
"325","82.8","12.3","","","",""
"326","82.8","11.5","","","",""
"327","83.1","11.2","","","",""
"328","83.1","10.8","","","",""
"329","83.1","10.8","","","",""
"330","83.3","10.5","","","",""
"331","83.5","10.5","","","",""
"332","83.5","10.5","","","",""
"333","83.7","11.1","","","",""
"334","84","11.1","","","",""
"335","84.1","12.3","","","",""
"336","84.1","12.3","","","",""
"337","84.4","11.5","","","",""
"338","84.6","11.5","","","",""
"339","84.6","11.9","","","",""
"340","84.8","11.9","","","",""
"341","85","11.9","","","",""
"342","85","11.9","","","",""
"343","85.7","11.2","","","",""
"344","85.7","11.5","","","",""
"345","85.9","11.9","","","",""
"346","86.1","12","","","",""
"347","86.3","11.5","","","",""
"348","86.6","11.2","","","",""
"349","86.8","11.5","","","",""
"350","86.8","12.7","","","",""
"351","87.5","12.7","","","",""
"352","87.9","13.1","","","",""
"353","88.1","13.5","","","",""
"354","88.3","13.5","","","",""
"355","88.8","14.4","","","",""
"356","88.8","14.4","","","",""
"357","88.8","14.9","","","",""
"358","89","13.6","","","",""
"359","89.2","13.6","","","",""
"360","89.2","14.4","","","",""
"361","89.4","15.4","","","",""
"362","89.7","15.4","","","",""
"363","89.8","15.4","","","",""
"364","89.8","14","","","",""
"365","89.8","13.6","","","",""
"366","90.1","13.6","","","",""
"367","90.3","14","","","",""
"368","90.3","13.1","","","",""
"369","90.5","12","","","",""
"370","90.7","11.5","","","",""
"371","91","11.5","","","",""
"372","91.2","12.3","","","",""
"373","91.2","13.1","","","",""
"374","91.2","13.5","","","",""
"375","91.2","14","","","",""
"376","91.4","15.4","","","",""
"377","91.4","16.4","","","",""
"378","91.6","18.1","","","",""
"379","91.9","19.3","","","",""
"380","92","21.2","","","",""
"381","91.9","21.2","","","",""
"382","91.7","19.3","","","",""
"383","91.9","17.6","","","",""
"384","91.9","17.6","","","",""
"385","91.9","17","","","",""
"386","92","16.5","","","",""
"387","92","15.5","","","",""
"388","92.3","14.5","","","",""
"389","92.3","14","","","",""
"390","92.5","13.1","","","",""
"391","92.5","12.3","","","",""
"392","92.7","11.5","","","",""
"393","92.7","11.5","","","",""
"394","93.2","12.7","","","",""
"395","93.2","13.1","","","",""
"396","93.8","13.5","","","",""
"397","94.2","13.5","","","",""
"398","94.2","14","","","",""
"399","94.2","13.1","","","",""
"400","94.7","13.5","","","",""
"401","94.7","14.4","","","",""
"402","94.7","14.9","","","",""
"403","94.9","14.9","","","",""
"404","94.9","14.5","","","",""
"405","95.1","13.6","","","",""
"406","95.1","13.6","","","",""
"407","95.4","12.8","","","",""
"408","95.5","12.3","","","",""
"409","95.8","12","","","",""
"410","95.8","13.1","","","",""
"411","95.8","14","","","",""
"412","96","14.4","","","",""
"413","96.2","15.4","","","",""
"414","96.4","15.4","","","",""
"415","96.7","15.4","","","",""
"416","96.7","14.9","","","",""
"417","96.9","14.5","","","",""
"418","97.1","15.9","","","",""
"419","97.3","16.4","","","",""
"420","97.3","15.9","","","",""
"421","97.3","15.9","","","",""
"422","97.3","15.5","","","",""
"423","97.6","15.5","","","",""
"424","97.6","14.5","","","",""
"425","97.7","14","","","",""
"426","97.7","13.6","","","",""
"427","97.7","13.6","","","",""
"428","98","13.6","","","",""
"429","98.4","14","","","",""
"430","98.4","14.9","","","",""
"431","98.4","14.9","","","",""
"432","98.6","14.9","","","",""
"433","98.6","14","","","",""
"434","98.6","13.6","","","",""
"435","99.1","12.8","","","",""
"436","99.3","12.3","","","",""
"437","99.5","12.3","","","",""
"438","99.5","13.5","","","",""
"439","99.5","14","","","",""
"440","99.7","14","","","",""
"441","99.7","14","","","",""
"442","99.7","14.4","","","",""
"443","99.9","14.4","","","",""
"444","99.9","14","","","",""
"445","100.2","13.1","","","",""
"446","100.2","12.3","","","",""
"447","100.2","12","","","",""
"448","100.4","12","","","",""
"449","100.4","12","","","",""
"450","100.6","11.5","","","",""
"451","100.6","11.5","","","",""
"452","100.6","12","","","",""
"453","101","11.5","","","",""
"454","101","10.8","","","",""
"455","101","10.1","","","",""
"456","101.2","10.1","","","",""
"457","101.2","10.4","","","",""
"458","101.2","11.5","","","",""
"459","101.7","13.1","","","",""
"460","101.7","13.5","","","",""
"461","102.1","13.1","","","",""
"462","102.1","12","","","",""
"463","102.3","12","","","",""
"464","102.3","11.5","","","",""
"465","102.6","11.9","","","",""
"466","102.6","12.7","","","",""
"467","102.6","13.5","","","",""
"468","102.8","14.4","","","",""
"469","103","14.4","","","",""
"470","103.2","14.4","","","",""
"471","103.2","13.1","","","",""
"472","103.2","12.8","","","",""
"473","103.2","12","","","",""
"474","103.2","11.5","","","",""
"475","103.2","11.5","","","",""
"476","103.4","11.5","","","",""
"477","103.4","12.3","","","",""
"478","104.1","11.5","","","",""
"479","104.1","11.2","","","",""
"480","104.1","10.1","","","",""
"481","104.5","9.9","","","",""
"482","104.5","10.1","","","",""
"483","104.5","10.8","","","",""
"484","104.8","11.5","","","",""
"485","104.9","12.7","","","",""
"486","105.2","11.2","","","",""
"487","105.2","11.2","","","",""
"488","105.4","10.8","","","",""
"489","105.6","11.5","","","",""
"490","105.6","11.9","","","",""
"491","105.8","12.7","","","",""
"492","106.1","13.5","","","",""
"493","106.3","13.5","","","",""
"494","106.3","13.1","","","",""
"495","106.3","12.8","","","",""
"496","106.5","11.2","","","",""
"497","106.7","10.5","","","",""
"498","106.7","9.5","","","",""
"499","106.7","8.7","","","",""
"500","107.1","9.5","","","",""
"501","107.4","10.4","","","",""
"502","107.4","11.9","","","",""
"503","107.4","12.3","","","",""
"504","107.6","10.1","","","",""
"505","107.8","9.5","","","",""
"506","108","9.2","","","",""
"507","108.3","9.8","","","",""
"508","108.3","10.1","","","",""
"509","108.5","10.4","","","",""
"510","108.7","10.8","","","",""
"511","108.7","11.1","","","",""
"512","108.9","11.1","","","",""
"513","109.1","10.8","","","",""
"514","109.3","10.5","","","",""
"515","109.3","9.5","","","",""
"516","109.6","9.5","","","",""
"517","109.8","9.5","","","",""
"518","110","9.8","","","",""
"519","110.2","9.8","","","",""
"520","110.2","10.4","","","",""
"521","110.5","10.8","","","",""
"522","110.5","11.1","","","",""
"523","110.9","11.9","","","",""
"524","110.9","12.3","","","",""
"525","110.9","12.7","","","",""
"526","110.9","13.1","","","",""
"527","111.3","13.1","","","",""
"528","111.5","13.1","","","",""
"529","111.5","12.3","","","",""
"530","111.5","12","","","",""
"531","112","11.2","","","",""
"532","112.2","11.2","","","",""
"533","112.2","11.5","","","",""
"534","112.2","11.9","","","",""
"535","112.2","11.9","","","",""
"536","112.8","11.9","","","",""
"537","112.8","10.8","","","",""
"538","113.1","10.5","","","",""
"539","113.1","9.2","","","",""
"540","113.1","10.1","","","",""
"541","113.1","10.4","","","",""
"542","113.1","10.8","","","",""
"543","113.3","11.1","","","",""
"544","113.3","11.1","","","",""
"545","113.5","10.8","","","",""
"546","113.5","10.5","","","",""
"547","113.5","10.1","","","",""
"548","113.5","9.9","","","",""
"549","113.5","9.2","","","",""
"550","114.2","8.9","","","",""
"551","114.2","8.9","","","",""
"552","114.2","10.4","","","",""
"553","114.4","10.4","","","",""
"554","114.4","10.8","","","",""
"555","114.4","11.1","","","",""
"556","114.6","10.8","","","",""
"557","114.8","10.1","","","",""
"558","115","10.8","","","",""
"559","115","11.5","","","",""
"560","115.3","11.5","","","",""
"561","115.7","11.2","","","",""
"562","115.9","10.8","","","",""
"563","115.9","10.5","","","",""
"564","116.2","10.5","","","",""
"565","116.8","11.1","","","",""
"566","117","11.5","","","",""
"567","117","11.5","","","",""
"568","117.5","10.5","","","",""
"569","117.5","10.1","","","",""
"570","117.5","9.5","","","",""
"571","117.5","9.2","","","",""
"572","117.5","9.2","","","",""
"573","117.5","8.9","","","",""
"574","117.7","8.9","","","",""
"575","117.9","8.9","","","",""
"576","118.1","10.1","","","",""
"577","118.4","10.4","","","",""
"578","118.5","10.4","","","",""
"579","118.8","9.9","","","",""
"580","118.8","9.5","","","",""
"581","119","9.8","","","",""
"582","119.4","10.1","","","",""
"583","119.7","10.4","","","",""
"584","120.1","10.1","","","",""
"585","120.1","9.5","","","",""
"586","120.3","9.2","","","",""
"587","120.3","8.9","","","",""
"588","120.5","8.9","","","",""
"589","120.7","9.5","","","",""
"590","120.7","10.1","","","",""
"591","121","10.8","","","",""
"592","121.2","9.9","","","",""
"593","121.2","8.9","","","",""
"594","121.2","8.4","","","",""
"595","121.4","7.8","","","",""
"596","121.4","7.8","","","",""
"597","121.6","7.8","","","",""
"598","121.9","8.1","","","",""
"599","121.9","8.6","","","",""
"600","121.9","9.8","","","",""
"601","122.1","9.8","","","",""
"602","122.3","10.4","","","",""
"603","122.3","10.4","","","",""
"604","122.5","10.8","","","",""
"605","122.5","10.8","","","",""
"606","122.5","10.5","","","",""
"607","122.7","9.9","","","",""
"608","122.7","9.5","","","",""
"609","122.7","8.9","","","",""
"610","122.7","8.9","","","",""
"611","123.2","8.9","","","",""
"612","123.2","8.9","","","",""
"613","123.2","9.8","","","",""
"614","123.2","10.1","","","",""
"615","123.4","10.1","","","",""
"616","123.6","10.1","","","",""
"617","123.6","10.4","","","",""
"618","124.2","10.4","","","",""
"619","124.5","9.5","","","",""
"620","124.7","10.1","","","",""
"621","124.7","10.4","","","",""
"622","124.7","10.4","","","",""
"623","125.1","9.9","","","",""
"624","125.4","9.9","","","",""
"625","124.9","11","","","",""
"626","124.9","10","","","",""
"627","125.2","10","","","",""
"628","125.5","10.3","","","",""
"629","125.7","10.7","","","",""
"630","125.7","11.8","","","",""
"631","125.7","12.2","","","",""
"632","125.9","12.2","","","",""
"633","126.1","11.1","","","",""
"634","126.4","10.4","","","",""
"635","126.6","9.8","","","",""
"636","126.8","9.8","","","",""
"637","126.8","10","","","",""
"638","127.2","10","","","",""
"639","127.2","9.4","","","",""
"640","127.2","9.2","","","",""
"641","127.4","9.4","","","",""
"642","127.7","9.7","","","",""
"643","127.9","10","","","",""
"644","128.1","10.3","","","",""
"645","128.6","10.3","","","",""
"646","128.8","10","","","",""
"647","128.8","9.4","","","",""
"648","129","9.4","","","",""
"649","129.2","9.7","","","",""
"650","129.4","10.7","","","",""
"651","129.4","11","","","",""
"652","129.4","11.4","","","",""
"653","129.6","11.8","","","",""
"654","129.9","11.1","","","",""
"655","130.5","11.4","","","",""
"656","130.5","11.8","","","",""
"657","130.5","12.5","","","",""
"658","130.8","12.5","","","",""
"659","130.9","11.4","","","",""
"660","130.9","10.7","","","",""
"661","130.9","9.8","","","",""
"662","131.2","9.2","","","",""
"663","131.2","8.6","","","",""
"664","131.2","8.6","","","",""
"665","131.4","9.1","","","",""
"666","131.6","9.4","","","",""
"667","131.8","10","","","",""
"668","131.8","11","","","",""
"669","132.1","11.4","","","",""
"670","132.5","11.4","","","",""
"671","132.7","11.1","","","",""
"672","132.7","10.7","","","",""
"673","132.7","10.4","","","",""
"674","133","10.4","","","",""
"675","133","10.4","","","",""
"676","133.1","10.4","","","",""
"677","133.6","10.4","","","",""
"678","134.3","10.7","","","",""
"679","134.3","10.7","","","",""
"680","134.5","10.4","","","",""
"681","134.5","10.4","","","",""
"682","134.7","10.7","","","",""
"683","134.7","10.7","","","",""
"684","134.9","10.7","","","",""
"685","135.1","10.7","","","",""
"686","135.3","10.4","","","",""
"687","135.3","10","","","",""
"688","135.3","9.8","","","",""
"689","135.3","9.8","","","",""
"690","135.6","9.8","","","",""
"691","135.8","10.3","","","",""
"692","136.2","10.7","","","",""
"693","136.7","9.8","","","",""
"694","136.9","9.2","","","",""
"695","137.3","8.6","","","",""
"696","137.8","8.5","","","",""
"697","138","9.1","","","",""
"698","138.4","9.1","","","",""
"699","138.7","9.4","","","",""
"700","138.7","9.4","","","",""
"701","138.7","10.7","","","",""
"702","139.1","11.4","","","",""
"703","139.3","10.4","","","",""
"704","139.3","10","","","",""
"705","139.3","9.8","","","",""
"706","139.7","10","","","",""
"707","139.7","10.3","","","",""
"708","140","10.7","","","",""
"709","140.4","10.7","","","",""
"710","140.8","11","","","",""
"711","140.8","11.4","","","",""
"712","140.8","12.2","","","",""
"713","141","11.1","","","",""
"714","141","10","","","",""
"715","141","9.4","","","",""
"716","141","9.4","","","",""
"717","141.5","10","","","",""
"718","141.5","10.3","","","",""
"719","141.5","9.4","","","",""
"720","141.5","8.8","","","",""
"721","141.5","7.8","","","",""
"722","141.7","6.8","","","",""
"723","141.7","6.4","","","",""
"724","141.7","6.2","","","",""
"725","141.7","5.8","","","",""
"726","141.9","6.8","","","",""
"727","142.2","7.3","","","",""
"728","142.2","8","","","",""
"729","142.2","9.1","","","",""
"730","142.4","10","","","",""
"731","142.6","10.7","","","",""
"732","142.8","11","","","",""
"733","142.8","9.8","","","",""
"734","142.8","9.2","","","",""
"735","142.8","8.8","","","",""
"736","143.2","8.8","","","",""
"737","143.2","9.1","","","",""
"738","143.2","9.4","","","",""
"739","143.5","9.7","","","",""
"740","143.9","9.7","","","",""
"741","144.1","9.7","","","",""
"742","144.4","10","","","",""
"743","144.4","9.2","","","",""
"744","144.4","8.8","","","",""
"745","144.5","8.6","","","",""
"746","144.5","9.1","","","",""
"747","144.5","9.7","","","",""
"748","144.8","9.7","","","",""
"749","145","10","","","",""
"750","146.1","10.4","","","",""
"751","146.1","10","","","",""
"752","146.3","10","","","",""
"753","146.3","10.7","","","",""
"754","146.3","11.8","","","",""
"755","146.6","10.7","","","",""
"756","146.6","9.4","","","",""
"757","146.7","9.2","","","",""
"758","146.7","9.2","","","",""
"759","146.7","8.6","","","",""
"760","147","8.3","","","",""
"761","147.2","8.3","","","",""
"762","147.4","8.3","","","",""
"763","147.4","8.5","","","",""
"764","147.6","8.8","","","",""
"765","148.1","10.3","","","",""
"766","148.1","10.7","","","",""
"767","148.3","11","","","",""
"768","148.3","11.4","","","",""
"769","148.5","10.4","","","",""
"770","148.5","10.4","","","",""
"771","148.7","9.8","","","",""
"772","148.7","9.2","","","",""
"773","148.7","9.2","","","",""
"774","148.9","9.4","","","",""
"775","148.9","9.4","","","",""
"776","149.6","9.4","","","",""
"777","149.8","9.7","","","",""
"778","149.8","10.3","","","",""
"779","150.1","10.3","","","",""
"780","150.4","9.5","","","",""
"781","150.4","9.2","","","",""
"782","150.6","8.9","","","",""
"783","151.2","9.5","","","",""
"784","151.1","10.1","","","",""
"785","151.1","10.4","","","",""
"786","151.2","10.8","","","",""
"787","151.4","10.1","","","",""
"788","151.4","9.9","","","",""
"789","151.4","9.2","","","",""
"790","151.4","8.4","","","",""
"791","151.7","8.4","","","",""
"792","151.9","8.6","","","",""
"793","152.1","9.2","","","",""
"794","152.1","9.5","","","",""
"795","152.3","9.8","","","",""
"796","153","9.8","","","",""
"797","153","10.1","","","",""
"798","153.2","10.1","","","",""
"799","153.6","10.8","","","",""
"800","154.1","11.1","","","",""
"801","154.1","11.1","","","",""
"802","154.1","10.8","","","",""
"803","154.1","10.8","","","",""
"804","154.1","9.5","","","",""
"805","154.1","9.2","","","",""
"806","154.5","9.2","","","",""
"807","154.9","8.9","","","",""
"808","154.9","9.5","","","",""
"809","155.2","9.5","","","",""
"810","155.2","9.5","","","",""
"811","155.8","9.2","","","",""
"812","156.1","8.9","","","",""
"813","156.1","9.5","","","",""
"814","156.1","10.4","","","",""
"815","156.1","11.1","","","",""
"816","156.1","11.5","","","",""
"817","156.7","11.9","","","",""
"818","156.7","11.9","","","",""
"819","156.7","10.8","","","",""
"820","156.7","10.1","","","",""
"821","156.9","9.9","","","",""
"822","156.9","9.5","","","",""
"823","156.9","9.5","","","",""
"824","156.9","9.2","","","",""
"825","157.1","8.7","","","",""
"826","157.1","8.1","","","",""
"827","157.4","8.1","","","",""
"828","157.4","8.1","","","",""
"829","157.6","8.6","","","",""
"830","157.6","8.9","","","",""
"831","157.8","9.2","","","",""
"832","158","9.8","","","",""
"833","158.3","10.1","","","",""
"834","158.3","10.1","","","",""
"835","158.7","9.5","","","",""
"836","158.7","9.5","","","",""
"837","158.7","9.8","","","",""
"838","158.9","10.4","","","",""
"839","158.9","10.8","","","",""
"840","159.1","11.1","","","",""
"841","159.6","11.1","","","",""
"842","159.6","10.1","","","",""
"843","159.8","9.9","","","",""
"844","159.8","9.5","","","",""
"845","159.8","9.2","","","",""
"846","160.2","8.7","","","",""
"847","160.2","8.4","","","",""
"848","160.6","8.4","","","",""
"849","161.3","8.9","","","",""
"850","161.8","9.2","","","",""
"851","161.8","9.5","","","",""
"852","162","10.4","","","",""
"853","162","10.8","","","",""
"854","162.2","11.1","","","",""
"855","162.4","11.1","","","",""
"856","162.7","9.5","","","",""
"857","162.7","8.9","","","",""
"858","162.7","8.7","","","",""
"859","162.7","8.7","","","",""
"860","162.8","8.7","","","",""
"861","163.1","8.7","","","",""
"862","163.3","8.7","","","",""
"863","163.7","8.4","","","",""
"864","164","8.1","","","",""
"865","164.4","8.1","","","",""
"866","164.6","8.4","","","",""
"867","164.6","8.6","","","",""
"868","164.6","9.2","","","",""
"869","164.6","9.8","","","",""
"870","165","10.1","","","",""
"871","165","10.8","","","",""
"872","165.3","10.5","","","",""
"873","165.5","9.2","","","",""
"874","165.5","8.9","","","",""
"875","165.7","8.7","","","",""
"876","165.7","8.4","","","",""
"877","166.2","9.2","","","",""
"878","166.2","9.8","","","",""
"879","167","10.4","","","",""
"880","167.2","10.4","","","",""
"881","167.7","10.8","","","",""
"882","167.7","10.8","","","",""
"883","168.5","11.5","","","",""
"884","168.5","11.2","","","",""
"885","168.5","10.8","","","",""
"886","168.5","9.9","","","",""
"887","168.5","9.5","","","",""
"888","168.8","8.9","","","",""
"889","169","8.1","","","",""
"890","169","8.1","","","",""
"891","169.2","8.1","","","",""
"892","169.4","8.4","","","",""
"893","169.4","8.6","","","",""
"894","169.9","9.5","","","",""
"895","169.9","10.4","","","",""
"896","170.1","10.8","","","",""
"897","170.1","11.1","","","",""
"898","170.7","10.1","","","",""
"899","171","10.1","","","",""
"900","171.2","9.2","","","",""
"901","171.2","8.7","","","",""
"902","171.2","8.4","","","",""
"903","171.4","8.9","","","",""
"904","171.4","9.2","","","",""
"905","171.6","8.9","","","",""
"906","171.9","8.7","","","",""
"907","171.9","8.1","","","",""
"908","171.9","7.6","","","",""
"909","172.1","7.1","","","",""
"910","172.3","7.5","","","",""
"911","172.3","8.4","","","",""
"912","172.5","8.4","","","",""
"913","172.5","8.9","","","",""
"914","172.5","10.1","","","",""
"915","172.5","10.1","","","",""
"916","172.9","9.9","","","",""
"917","172.9","9.5","","","",""
"918","173.4","10.1","","","",""
"919","173.8","10.1","","","",""
"920","174.1","10.1","","","",""
"921","174.5","10.1","","","",""
"922","174.5","10.1","","","",""
"923","174.5","9.9","","","",""
"924","174.7","9.9","","","",""
"925","174.7","10.1","","","",""
"926","174.9","10.4","","","",""
"927","175.1","10.8","","","",""
"928","175.4","11.1","","","",""
"929","175.6","11.1","","","",""
"930","175.8","10.8","","","",""
"931","176","10.9","","","",""
"932","176.2","10.5","","","",""
"933","176.4","10.5","","","",""
"934","176.6","10.5","","","",""
"935","176.6","10.2","","","",""
"936","176.9","10.2","","","",""
"937","177.1","10.2","","","",""
"938","177.3","10.5","","","",""
"939","177.3","10.8","","","",""
"940","177.5","10.2","","","",""
"941","177.5","9.9","","","",""
"942","177.5","9.6","","","",""
"943","177.5","9.2","","","",""
"944","177.8","8.4","","","",""
"945","177.8","8.4","","","",""
"946","178.4","8.7","","","",""
"947","178.6","9.5","","","",""
"948","178.6","9.9","","","",""
"949","178.6","10.5","","","",""
"950","178.8","10.2","","","",""
"951","178.8","9","","","",""
"952","179.1","9","","","",""
"953","179.1","8.7","","","",""
"954","179.3","8.7","","","",""
"955","179.5","8.7","","","",""
"956","179.7","9.2","","","",""
"957","179.7","9.9","","","",""
"958","179.7","9.9","","","",""
"959","179.9","9.9","","","",""
"960","180.1","9.6","","","",""
"961","180.4","9","","","",""
"962","180.6","8.7","","","",""
"963","180.8","9.2","","","",""
"964","180.8","9.2","","","",""
"965","181","9.5","","","",""
"966","181","9.9","","","",""
"967","181.3","9","","","",""
"968","181.3","8.4","","","",""
"969","181.3","8.4","","","",""
"970","181.7","9.9","","","",""
"971","181.7","10.1","","","",""
"972","181.7","10.8","","","",""
"973","181.9","10.8","","","",""
"974","182.3","10.8","","","",""
"975","182.3","10.5","","","",""
"976","182.3","10.2","","","",""
"977","182.3","10.2","","","",""
"978","182.3","9.6","","","",""
"979","182.3","9.2","","","",""
"980","182.8","9","","","",""
"981","183","8.7","","","",""
"982","183.2","8.7","","","",""
"983","183.2","9.9","","","",""
"984","183.5","10.1","","","",""
"985","183.6","10.8","","","",""
"986","183.6","10.8","","","",""
"987","183.9","10.2","","","",""
"988","184.1","9.9","","","",""
"989","184.3","9.2","","","",""
"990","184.3","9.2","","","",""
"991","184.3","9","","","",""
"992","184.8","9","","","",""
"993","185","9","","","",""
"994","185","9","","","",""
"995","185","9","","","",""
"996","185.2","8.7","","","",""
"997","185.2","8.7","","","",""
"998","185.4","8.7","","","",""
"999","185.6","9.2","","","",""
"1000","185.8","9.9","","","",""
"1001","185.8","9.9","","","",""
"1002","186.1","9.9","","","",""
"1003","186.1","9","","","",""
"1004","186.3","9.5","","","",""
"1005","186.5","9.5","","","",""
"1006","186.7","9.9","","","",""
"1007","186.7","10.1","","","",""
"1008","186.7","10.1","","","",""
"1009","186.7","9.6","","","",""
"1010","186.7","9.2","","","",""
"1011","187.2","9.2","","","",""
"1012","187.2","10.5","","","",""
"1013","187.2","10.8","","","",""
"1014","187.4","11.5","","","",""
"1015","187.6","11.5","","","",""
"1016","187.6","11.5","","","",""
"1017","187.8","10.5","","","",""
"1018","187.8","10.2","","","",""
"1019","187.8","10.5","","","",""
"1020","188","11.2","","","",""
"1021","188.3","11.2","","","",""
"1022","188.5","11.5","","","",""
"1023","188.7","11.5","","","",""
"1024","188.9","10.9","","","",""
"1025","189.3","10.2","","","",""
"1026","189.6","9.2","","","",""
"1027","189.8","9.9","","","",""
"1028","189.8","10.5","","","",""
"1029","189.8","9.9","","","",""
"1030","190","9.6","","","",""
"1031","190.5","9.2","","","",""
"1032","190.7","9","","","",""
"1033","190.9","9","","","",""
"1034","191.1","9.9","","","",""
"1035","191.1","10.1","","","",""
"1036","191.4","10.5","","","",""
"1037","192","10.5","","","",""
"1038","192","10.5","","","",""
"1039","192.7","10.8","","","",""
"1040","192.7","11.5","","","",""
"1041","192.7","11.5","","","",""
"1042","192.9","10.5","","","",""
"1043","193.1","9.9","","","",""
"1044","193.7","9.9","","","",""
"1045","194.2","9.9","","","",""
"1046","194.4","10.1","","","",""
"1047","194.4","11.2","","","",""
"1048","194.9","11.2","","","",""
"1049","194.9","10.5","","","",""
"1050","194.9","9.6","","","",""
"1051","195","10.1","","","",""
"1052","195.5","10.8","","","",""
"1053","195.5","11.2","","","",""
"1054","195.5","11.5","","","",""
"1055","195.7","11.5","","","",""
"1056","195.9","11.2","","","",""
"1057","196.2","10.2","","","",""
"1058","196.2","9.9","","","",""
"1059","196.2","10.8","","","",""
"1060","196.4","10.8","","","",""
"1061","196.4","10.2","","","",""
"1062","196.4","9.9","","","",""
"1063","196.6","9.9","","","",""
"1064","196.6","10.1","","","",""
"1065","196.8","10.5","","","",""
"1066","196.8","10.5","","","",""
"1067","196.8","10.8","","","",""
"1068","197.1","11.2","","","",""
"1069","197.1","12","","","",""
"1070","197.1","12.3","","","",""
"1071","197.2","12.3","","","",""
"1072","197.2","12.8","","","",""
"1073","197.5","13.1","","","",""
"1074","197.7","13.1","","","",""
"1075","197.7","12","","","",""
"1076","197.7","10.9","","","",""
"1077","197.9","9.9","","","",""
"1078","197.9","9.2","","","",""
"1079","197.9","9","","","",""
"1080","197.9","8.7","","","",""
"1081","197.9","9.2","","","",""
"1082","198.1","9.5","","","",""
"1083","198.1","9.9","","","",""
"1084","198.6","10.1","","","",""
"1085","198.6","9.9","","","",""
"1086","198.6","10.1","","","",""
"1087","198.8","10.8","","","",""
"1088","198.8","10.8","","","",""
"1089","199","10.8","","","",""
"1090","199","11.2","","","",""
"1091","199.2","11.2","","","",""
"1092","199.2","10.9","","","",""
"1093","199.4","9.9","","","",""
"1094","199.7","9.9","","","",""
"1095","199.7","9.9","","","",""
"1096","199.9","9.9","","","",""
"1097","199.9","9.9","","","",""
"1098","200.1","9.9","","","",""
"1099","200.6","9.6","","","",""
"1100","200.6","9.6","","","",""
"1101","200.6","9.6","","","",""
"1102","200.6","9.6","","","",""
"1103","200.6","9.2","","","",""
"1104","200.6","9.2","","","",""
"1105","200.6","9.2","","","",""
"1106","200.6","9","","","",""
"1107","201.1","9.2","","","",""
"1108","201.1","10.8","","","",""
"1109","201.1","11.5","","","",""
"1110","201.1","10.2","","","",""
"1111","201.5","9.2","","","",""
"1112","201.7","8.7","","","",""
"1113","201.9","8.1","","","",""
"1114","201.9","9.2","","","",""
"1115","201.9","9.9","","","",""
"1116","202.1","10.8","","","",""
"1117","202.4","11.5","","","",""
"1118","202.4","12","","","",""
"1119","202.4","11.2","","","",""
"1120","202.6","10.2","","","",""
"1121","202.6","9.9","","","",""
"1122","202.8","9.2","","","",""
"1123","202.8","9","","","",""
"1124","202.8","8.7","","","",""
"1125","203","7.4","","","",""
"1126","203.3","8.1","","","",""
"1127","203.3","8.9","","","",""
"1128","203.4","9.5","","","",""
"1129","203.4","9.5","","","",""
"1130","203.7","9.5","","","",""
"1131","203.9","9.2","","","",""
"1132","203.9","8.7","","","",""
"1133","203.9","8.4","","","",""
"1134","204.3","9.5","","","",""
"1135","204.3","9.9","","","",""
"1136","204.3","9.9","","","",""
"1137","204.8","9.2","","","",""
"1138","204.8","8.7","","","",""
"1139","204.8","8.1","","","",""
"1140","205","7.9","","","",""
"1141","205.4","8.7","","","",""
"1142","205.4","8.9","","","",""
"1143","205.4","9.9","","","",""
"1144","205.4","9.9","","","",""
"1145","205.4","10.1","","","",""
"1146","205.6","10.1","","","",""
"1147","205.6","9.6","","","",""
"1148","205.6","9.2","","","",""
"1149","205.9","8.4","","","",""
"1150","205.9","7.9","","","",""
"1151","206.3","7.9","","","",""
"1152","206.3","8.1","","","",""
"1153","206.3","8.4","","","",""
"1154","206.5","8.9","","","",""
"1155","206.5","9.2","","","",""
"1156","206.9","9.5","","","",""
"1157","207.2","9.5","","","",""
"1158","207.2","10.5","","","",""
"1159","207.6","10.5","","","",""
"1160","207.6","9.9","","","",""
"1161","207.6","9","","","",""
"1162","207.6","8.7","","","",""
"1163","207.8","7.9","","","",""
"1164","208.1","6.5","","","",""
"1165","208.1","6.3","","","",""
"1166","208.1","6.9","","","",""
"1167","208.1","7.1","","","",""
"1168","208.3","7.8","","","",""
"1169","208.3","8.1","","","",""
"1170","208.5","8.1","","","",""
"1171","208.5","8.7","","","",""
"1172","208.5","8.7","","","",""
"1173","208.7","9.2","","","",""
"1174","209","9.5","","","",""
"1175","209.1","9.5","","","",""
"1176","209.4","8.4","","","",""
"1177","209.4","7.6","","","",""
"1178","209.6","7.1","","","",""
"1179","210","7.8","","","",""
"1180","210","8.7","","","",""
"1181","210","9.2","","","",""
"1182","210.3","9.2","","","",""
"1183","210.5","9.2","","","",""
"1184","210.7","9.2","","","",""
"1185","210.7","9","","","",""
"1186","210.9","8.1","","","",""
"1187","211.3","8.1","","","",""
"1188","211.3","7.9","","","",""
"1189","211.6","8.7","","","",""
"1190","211.6","8.7","","","",""
"1191","212","8.9","","","",""
"1192","212.2","8.9","","","",""
"1193","212.5","8.1","","","",""
"1194","212.9","8.4","","","",""
"1195","213.1","8.9","","","",""
"1196","213.1","9.5","","","",""
"1197","213.5","9.5","","","",""
"1198","213.5","7.9","","","",""
"1199","213.5","7.6","","","",""
"1200","213.8","7.4","","","",""
"1201","213.8","7.8","","","",""
"1202","214","8.7","","","",""
"1203","214","8.7","","","",""
"1204","214.2","8.9","","","",""
"1205","214.4","9.2","","","",""
"1206","214.4","9.2","","","",""
"1207","214.7","9","","","",""
"1208","214.7","8.7","","","",""
"1209","214.8","8.7","","","",""
"1210","215.1","8.7","","","",""
"1211","215.3","8.9","","","",""
"1212","215.3","9.9","","","",""
"1213","216.2","10.5","","","",""
"1214","216.6","11.2","","","",""
"1215","216.6","11.5","","","",""
"1216","216.6","10.9","","","",""
"1217","216.6","10.2","","","",""
"1218","216.6","9.9","","","",""
"1219","216.9","9.2","","","",""
"1220","217","9","","","",""
"1221","217.3","9.9","","","",""
"1222","217.3","10.1","","","",""
"1223","217.3","10.5","","","",""
"1224","217.5","10.8","","","",""
"1225","217.7","10.8","","","",""
"1226","217.9","10.5","","","",""
"1227","218.2","10.2","","","",""
"1228","218.6","9.6","","","",""
"1229","218.8","9.2","","","",""
"1230","218.8","9","","","",""
"1231","218.8","8.7","","","",""
"1232","219","8.7","","","",""
"1233","219.5","8.1","","","",""
"1234","219.5","9.5","","","",""
"1235","219.5","10.5","","","",""
"1236","219.7","10.5","","","",""
"1237","220.1","8.4","","","",""
"1238","220.1","7.9","","","",""
"1239","220.4","7.9","","","",""
"1240","220.4","8.9","","","",""
"1241","220.4","9.5","","","",""
"1242","220.8","9.9","","","",""
"1243","220.8","10.5","","","",""
"1244","221","10.8","","","",""
"1245","221.4","10.8","","","",""
"1246","221.7","9.9","","","",""
"1247","221.7","9.6","","","",""
"1248","221.7","9.6","","","",""
"1249","221.7","10.1","","","",""
"1250","221.9","10.5","","","",""
"1251","222.1","10.5","","","",""
"1252","222.3","10.2","","","",""
"1253","222.3","9.6","","","",""
"1254","222.3","9","","","",""
"1255","223","9","","","",""
"1256","223","9.5","","","",""
"1257","223","9.9","","","",""
"1258","223.4","10.5","","","",""
"1259","223.4","10.5","","","",""
"1260","223.6","9.9","","","",""
"1261","224.1","9.6","","","",""
"1262","224.1","9","","","",""
"1263","224.3","9","","","",""
"1264","224.5","9","","","",""
"1265","224.5","9","","","",""
"1266","224.7","9","","","",""
"1267","224.9","9","","","",""
"1268","225.2","9.2","","","",""
"1269","225.4","9.5","","","",""
"1270","225.4","9.5","","","",""
"1271","225.6","9.5","","","",""
"1272","225.6","9.5","","","",""
"1273","225.6","9.5","","","",""
"1274","225.1","10.1","","","",""
"1275","225.6","9.9","","","",""
"1276","225.8","9.9","","","",""
"1277","226","9.9","","","",""
"1278","226.4","10.1","","","",""
"1279","226.7","11.1","","","",""
"1280","226.7","11.5","","","",""
"1281","226.7","11.2","","","",""
"1282","226.7","10.1","","","",""
"1283","227.1","10.1","","","",""
"1284","227.3","9.9","","","",""
"1285","227.6","9.9","","","",""
"1286","227.8","9.5","","","",""
"1287","228","9.5","","","",""
"1288","228","8.9","","","",""
"1289","228","8.7","","","",""
"1290","228.2","8.1","","","",""
"1291","228.2","8.6","","","",""
"1292","228.2","8.9","","","",""
"1293","228.2","9.8","","","",""
"1294","228.6","10.8","","","",""
"1295","228.6","11.1","","","",""
"1296","228.9","10.5","","","",""
"1297","229.1","10.5","","","",""
"1298","229.1","9.9","","","",""
"1299","229.5","10.8","","","",""
"1300","229.5","10.8","","","",""
"1301","229.8","9.9","","","",""
"1302","229.8","9.2","","","",""
"1303","229.9","10.4","","","",""
"1304","230.2","11.5","","","",""
"1305","230.2","11.5","","","",""
"1306","230.4","9.5","","","",""
"1307","230.4","9.2","","","",""
"1308","230.6","8.7","","","",""
"1309","230.6","7.8","","","",""
"1310","231.1","7.1","","","",""
"1311","231.1","7.8","","","",""
"1312","231.3","8.6","","","",""
"1313","231.5","9.5","","","",""
"1314","231.5","11.1","","","",""
"1315","231.5","11.5","","","",""
"1316","231.9","11.5","","","",""
"1317","231.9","10.8","","","",""
"1318","231.9","11.1","","","",""
"1319","232.1","10.8","","","",""
"1320","232.1","10.8","","","",""
"1321","232.4","11.1","","","",""
"1322","232.6","10.1","","","",""
"1323","232.6","9.9","","","",""
"1324","232.8","10.4","","","",""
"1325","232.8","10.8","","","",""
"1326","232.8","11.1","","","",""
"1327","233.3","11.1","","","",""
"1328","233.3","10.8","","","",""
"1329","233.5","9.9","","","",""
"1330","233.5","10.8","","","",""
"1331","233.7","11.1","","","",""
"1332","233.7","10.8","","","",""
"1333","233.9","10.5","","","",""
"1334","233.9","9.9","","","",""
"1335","234.1","10.1","","","",""
"1336","234.1","10.1","","","",""
"1337","234.1","10.4","","","",""
"1338","234.1","11.1","","","",""
"1339","234.3","11.5","","","",""
"1340","234.6","11.5","","","",""
"1341","234.8","10.8","","","",""
"1342","235","9.9","","","",""
"1343","235","9.2","","","",""
"1344","235.2","8.9","","","",""
"1345","235.2","10.8","","","",""
"1346","235.5","11.1","","","",""
"1347","235.5","11.5","","","",""
"1348","235.6","11.2","","","",""
"1349","235.6","10.8","","","",""
"1350","235.6","10.1","","","",""
"1351","235.6","9.5","","","",""
"1352","235.9","10.4","","","",""
"1353","235.9","10.8","","","",""
"1354","236.1","10.8","","","",""
"1355","236.3","10.8","","","",""
"1356","236.5","10.5","","","",""
"1357","236.8","9.9","","","",""
"1358","237","9.2","","","",""
"1359","237.2","9.5","","","",""
"1360","237.4","10.1","","","",""
"1361","237.4","10.4","","","",""
"1362","237.4","9.2","","","",""
"1363","237.7","9.8","","","",""
"1364","237.7","9.8","","","",""
"1365","237.7","10.1","","","",""
"1366","237.7","10.4","","","",""
"1367","237.8","10.4","","","",""
"1368","238.1","9.5","","","",""
"1369","238.3","9.5","","","",""
"1370","238.3","8.9","","","",""
"1371","238.5","8.7","","","",""
"1372","238.7","8.1","","","",""
"1373","238.7","8.1","","","",""
"1374","238.7","8.4","","","",""
"1375","239","8.6","","","",""
"1376","239","9.2","","","",""
"1377","239.6","9.5","","","",""
"1378","239.6","9.8","","","",""
"1379","239.6","9.8","","","",""
"1380","239.6","10.1","","","",""
"1381","239.8","10.1","","","",""
"1382","240","9.5","","","",""
"1383","240","8.7","","","",""
"1384","240","8.4","","","",""
"1385","240.3","8.4","","","",""
"1386","240.5","8.9","","","",""
"1387","240.5","9.2","","","",""
"1388","240.5","9.2","","","",""
"1389","240.7","9.5","","","",""
"1390","240.9","9.5","","","",""
"1391","241.2","9.5","","","",""
"1392","241.2","9.5","","","",""
"1393","241.4","8.7","","","",""
"1394","241.4","8.1","","","",""
"1395","241.6","7.6","","","",""
"1396","242","8.1","","","",""
"1397","242.2","8.6","","","",""
"1398","242.2","9.2","","","",""
"1399","242.5","9.5","","","",""
"1400","242.5","9.5","","","",""
"1401","242.7","9.2","","","",""
"1402","242.7","9.2","","","",""
"1403","242.7","10.1","","","",""
"1404","243.4","10.8","","","",""
"1405","243.4","10.8","","","",""
"1406","243.5","10.5","","","",""
"1407","243.8","9.9","","","",""
"1408","244","10.1","","","",""
"1409","244.2","10.4","","","",""
"1410","244.4","10.8","","","",""
"1411","244.7","10.8","","","",""
"1412","244.7","10.8","","","",""
"1413","244.9","10.8","","","",""
"1414","244.9","10.8","","","",""
"1415","245.5","11.1","","","",""
"1416","245.5","10.5","","","",""
"1417","245.7","9.9","","","",""
"1418","245.7","9.5","","","",""
"1419","245.7","9.5","","","",""
"1420","245.7","9.5","","","",""
"1421","246","9.8","","","",""
"1422","246.6","10.1","","","",""
"1423","246.9","9.5","","","",""
"1424","246.9","9.5","","","",""
"1425","246.9","9.5","","","",""
"1426","246.7","9.2","","","",""
"1427","246.7","9.8","","","",""
"1428","246.2","9.5","","","",""
"1429","246.9","9.5","","","",""
"1430","247.1","9.5","","","",""
"1431","247.3","8.9","","","",""
"1432","247.9","8.4","","","",""
"1433","248.2","8.1","","","",""
"1434","248.4","7.6","","","",""
"1435","248.4","7.3","","","",""
"1436","248.4","7.3","","","",""
"1437","248.6","7.5","","","",""
"1438","248.8","7.8","","","",""
"1439","249.1","7.8","","","",""
"1440","249.1","8.1","","","",""
"1441","249.2","8.4","","","",""
"1442","249.5","8.6","","","",""
"1443","249.9","9.5","","","",""
"1444","249.9","9.5","","","",""
"1445","249.9","10.1","","","",""
"1446","249.9","9.5","","","",""
"1447","249.9","9.2","","","",""
"1448","249.9","8.9","","","",""
"1449","249.9","8.7","","","",""
"1450","250.1","8.7","","","",""
"1451","250.4","8.7","","","",""
"1452","250.4","8.7","","","",""
"1453","250.6","8.7","","","",""
"1454","250.2","8.1","","","",""
"1455","250.2","8.3","","","",""
"1456","250.6","8.8","","","",""
"1457","250.6","10","","","",""
"1458","251.1","9.2","","","",""
"1459","251.3","9.2","","","",""
"1460","251.7","9.8","","","",""
"1461","251.7","9.8","","","",""
"1462","251.9","8.6","","","",""
"1463","251.9","8.6","","","",""
"1464","252.4","9.4","","","",""
"1465","252.4","9.4","","","",""
"1466","252.6","8.4","","","",""
"1467","252.6","7.5","","","",""
"1468","252.6","7.1","","","",""
"1469","252.6","6.9","","","",""
"1470","252.6","6.5","","","",""
"1471","252.6","6","","","",""
"1472","252.6","5.7","","","",""
"1473","252.6","5.5","","","",""
"1474","252.8","5.5","","","",""
"1475","253.1","5.6","","","",""
"1476","253.1","6.2","","","",""
"1477","253.1","6.6","","","",""
"1478","253.1","7.3","","","",""
"1479","253.1","8.1","","","",""
"1480","253.1","8.6","","","",""
"1481","253.1","8.8","","","",""
"1482","253.3","9.8","","","",""
"1483","253.3","10.4","","","",""
"1484","253.5","10.4","","","",""
"1485","253.5","10.4","","","",""
"1486","253.7","10.4","","","",""
"1487","253.7","10.4","","","",""
"1488","253.7","11.1","","","",""
"1489","253.7","12.7","","","",""
"1490","253.7","13.5","","","",""
"1491","253.7","14.4","","","",""
"1492","254.1","15.8","","","",""
"1493","254.1","16.8","","","",""
"1494","254.1","18.6","","","",""
"1495","254.1","20.4","","","",""
"1496","254.1","21.2","","","",""
"1497","254.1","22.6","","","",""
"1498","254.1","24.1","","","",""
"1499","254.4","26.5","","","",""
"1500","254.4","28.2","","","",""
"1501","254.4","30.1","","","",""
"1502","254.4","30.1","","","",""
"1503","254.4","31.2","","","",""
"1504","254.4","32.1","","","",""
"1505","254.4","33.3","","","",""
"1506","254.4","35.5","","","",""
"1507","254.4","37.9","","","",""
"1508","254.8","43.1","","","",""
"1509","254.8","42","","","",""
"1510","255","33.3","","","",""
"1511","255","28.5","","","",""
"1512","255","24.1","","","",""
"1513","255","22.6","","","",""
"1514","255","19.9","","","",""
"1515","255","18.6","","","",""
"1516","255","18.1","","","",""
"1517","255","15.4","","","",""
"1518","255","14.4","","","",""
"1519","255","13.5","","","",""
"1520","255","12.7","","","",""
"1521","255","11.9","","","",""
"1522","255","11.5","","","",""
"1523","255","10.8","","","",""
"1524","255","10.1","","","",""
"1525","255","10.1","","","",""
"1526","255","9.5","","","",""
"1527","255","9.2","","","",""
"1528","255","9.2","","","",""
"1529","255.4","8.9","","","",""
"1530","255.7","9.2","","","",""
"1531","255.9","9.4","","","",""
"1532","256.1","9.4","","","",""
"1533","256.1","9.4","","","",""
"1534","256.3","9.8","","","",""
"1535","256.3","9.5","","","",""
"1536","256.6","8.6","","","",""
"1537","256.8","8.6","","","",""
"1538","257.2","8.4","","","",""
"1539","257.2","8.8","","","",""
"1540","257.2","9.4","","","",""
"1541","257.5","10","","","",""
"1542","257.5","10.7","","","",""
"1543","257.6","11.1","","","",""
"1544","257.9","11.4","","","",""
"1545","258.5","12.2","","","",""
"1546","258.8","12.2","","","",""
"1547","258.8","11.9","","","",""
"1548","259","10.8","","","",""
"1549","259","10.8","","","",""
"1550","259","10.1","","","",""
"1551","259.4","10.1","","","",""
"1552","259.6","10.1","","","",""
"1553","259.8","9.8","","","",""
"1554","259.8","9.8","","","",""
"1555","260.1","9.8","","","",""
"1556","260.3","10.4","","","",""
"1557","260.3","11.1","","","",""
"1558","260.3","11.1","","","",""
"1559","260.7","10.4","","","",""
"1560","261.4","10.7","","","",""
"1561","261.4","11.1","","","",""
"1562","262","10.4","","","",""
"1563","262","9.8","","","",""
"1564","262","8.9","","","",""
"1565","262.5","8.4","","","",""
"1566","262.7","8.4","","","",""
"1567","262.7","9.2","","","",""
"1568","262.7","9.8","","","",""
"1569","262.7","10","","","",""
"1570","262.7","10.4","","","",""
"1571","263.6","9.5","","","",""
"1572","263.6","9.2","","","",""
"1573","263.8","9.4","","","",""
"1574","264","9.8","","","",""
"1575","264.2","9.8","","","",""
"1576","264.7","10","","","",""
"1577","264.9","10","","","",""
"1578","264.9","9.5","","","",""
"1579","265.1","9.2","","","",""
"1580","265.1","8.9","","","",""
"1581","265.1","8.6","","","",""
"1582","265.3","8.6","","","",""
"1583","265.3","8.4","","","",""
"1584","265.3","7.5","","","",""
"1585","265.3","7.5","","","",""
"1586","265.8","8.3","","","",""
"1587","265.8","8.8","","","",""
"1588","265.8","9.4","","","",""
"1589","266","9.8","","","",""
"1590","266.4","10","","","",""
"1591","266.4","9.5","","","",""
"1592","266.9","9.8","","","",""
"1593","266.9","10","","","",""
"1594","267.1","10.4","","","",""
"1595","267.5","9.8","","","",""
"1596","267.7","9.2","","","",""
"1597","267.7","10","","","",""
"1598","267.7","11.1","","","",""
"1599","268","11.4","","","",""
"1600","268.2","10.8","","","",""
"1601","268.2","10.8","","","",""
"1602","268.4","10.1","","","",""
"1603","268.4","9.8","","","",""
"1604","268.6","9.5","","","",""
"1605","268.9","8.6","","","",""
"1606","269","8.4","","","",""
"1607","269","8.6","","","",""
"1608","269.3","9.8","","","",""
"1609","269.3","10","","","",""
"1610","269.3","10","","","",""
"1611","269.3","9.5","","","",""
"1612","269.3","9.2","","","",""
"1613","269.5","9.2","","","",""
"1614","269.9","9.8","","","",""
"1615","269.9","10","","","",""
"1616","270.2","10.7","","","",""
"1617","270.4","12.2","","","",""
"1618","270.4","13.5","","","",""
"1619","270.4","13.9","","","",""
"1620","270.6","12.7","","","",""
"1621","270.6","11.9","","","",""
"1622","270.6","10.8","","","",""
"1623","270.6","9.5","","","",""
"1624","270.8","8.4","","","",""
"1625","270.8","8.1","","","",""
"1626","271.2","7.5","","","",""
"1627","271.5","8.3","","","",""
"1628","271.9","8.8","","","",""
"1629","272.1","9.4","","","",""
"1630","272.4","9.8","","","",""
"1631","272.6","9.8","","","",""
"1632","272.6","9.2","","","",""
"1633","272.6","9.8","","","",""
"1634","272.8","10.7","","","",""
"1635","272.8","10.7","","","",""
"1636","272.8","10.4","","","",""
"1637","272.8","10.1","","","",""
"1638","272.8","9.8","","","",""
"1639","272.8","9.8","","","",""
"1640","273.2","8.9","","","",""
"1641","273.4","8.6","","","",""
"1642","273.7","8.8","","","",""
"1643","273.7","9.8","","","",""
"1644","273.7","10","","","",""
"1645","273.9","10","","","",""
"1646","273.9","10","","","",""
"1647","274.3","9.8","","","",""
"1648","274.6","9.5","","","",""
"1649","274.7","9.2","","","",""
"1650","274.7","8.9","","","",""
"1651","274.7","8.6","","","",""
"1652","275","9.2","","","",""
"1653","275","8.9","","","",""
"1654","275.8","8.9","","","",""
"1655","275.8","9.8","","","",""
"1656","276.1","9.5","","","",""
"1657","276.2","9.5","","","",""
"1658","276.5","9.5","","","",""
"1659","276.5","11.1","","","",""
"1660","276.5","12.2","","","",""
"1661","276.7","13","","","",""
"1662","276.7","13.5","","","",""
"1663","276.9","13.5","","","",""
"1664","277.1","13.5","","","",""
"1665","277.1","13.1","","","",""
"1666","277.4","11.5","","","",""
"1667","277.4","11.5","","","",""
"1668","277.6","10.8","","","",""
"1669","277.6","10.1","","","",""
"1670","277.6","9.5","","","",""
"1671","277.8","8.6","","","",""
"1672","277.8","8.8","","","",""
"1673","277.8","9.2","","","",""
"1674","278","9.4","","","",""
"1675","278","9.8","","","",""
"1676","278.7","9.8","","","",""
"1677","278.7","9.5","","","",""
"1678","279.1","8.1","","","",""
"1679","279.1","8.1","","","",""
"1680","279.1","8.3","","","",""
"1681","279.1","8.8","","","",""
"1682","279.3","9.2","","","",""
"1683","279.3","9.4","","","",""
"1684","279.6","9.8","","","",""
"1685","279.8","10","","","",""
"1686","280","9.8","","","",""
"1687","280","9.2","","","",""
"1688","280","8.9","","","",""
"1689","280","8.9","","","",""
"1690","280.2","8.9","","","",""
"1691","280.4","8.9","","","",""
"1692","280.4","9.2","","","",""
"1693","280.6","9.4","","","",""
"1694","280.6","8.9","","","",""
"1695","280.6","8.9","","","",""
"1696","280.9","8.9","","","",""
"1697","281.1","8.9","","","",""
"1698","281.1","9.2","","","",""
"1699","281.1","9.4","","","",""
"1700","281.1","9.8","","","",""
"1701","281.1","9.8","","","",""
"1702","281.3","9.8","","","",""
"1703","281.8","9.8","","","",""
"1704","281.8","8.9","","","",""
"1705","281.9","8.4","","","",""
"1706","282.2","8.8","","","",""
"1707","282.4","9.4","","","",""
"1708","282.4","9.8","","","",""
"1709","282.4","9.5","","","",""
"1710","282.8","9.5","","","",""
"1711","282.8","9.5","","","",""
"1712","282.8","9.5","","","",""
"1713","283.1","9.8","","","",""
"1714","283.3","9.8","","","",""
"1715","283.5","9.8","","","",""
"1716","283.7","9.2","","","",""
"1717","284","8.9","","","",""
"1718","284.1","8.9","","","",""
"1719","284.1","9.2","","","",""
"1720","284.4","9.2","","","",""
"1721","284.8","8.9","","","",""
"1722","284.8","9.8","","","",""
"1723","285.3","9.8","","","",""
"1724","285.3","9.8","","","",""
"1725","285.3","10.4","","","",""
"1726","285.5","10.4","","","",""
"1727","285.5","9.8","","","",""
"1728","285.5","9.5","","","",""
"1729","285.7","9.5","","","",""
"1730","286.1","9.5","","","",""
"1731","286.6","10","","","",""
"1732","287","9.8","","","",""
"1733","287.2","8.1","","","",""
"1734","287.5","8.1","","","",""
"1735","287.5","8.3","","","",""
"1736","287.7","8.8","","","",""
"1737","287.9","9.2","","","",""
"1738","287.9","8.9","","","",""
"1739","288.1","8.9","","","",""
"1740","288.1","9.8","","","",""
"1741","288.3","10","","","",""
"1742","288.5","10","","","",""
"1743","288.8","10","","","",""
"1744","289","9.8","","","",""
"1745","289","9.2","","","",""
"1746","289.2","8.9","","","",""
"1747","289.8","8.9","","","",""
"1748","290.1","9.4","","","",""
"1749","290.3","8.6","","","",""
"1750","290.3","8.4","","","",""
"1751","290.3","8.8","","","",""
"1752","290.5","9.4","","","",""
"1753","290.7","9.8","","","",""
"1754","291.2","10.4","","","",""
"1755","291.2","9.5","","","",""
"1756","291.2","9.2","","","",""
"1757","291","8.6","","","",""
"1758","291.2","9.8","","","",""
"1759","291.4","10.1","","","",""
"1760","291.6","9.8","","","",""
"1761","291.9","9.5","","","",""
"1762","292.3","8.9","","","",""
"1763","292.5","8.9","","","",""
"1764","292.7","9.4","","","",""
"1765","292.7","9.8","","","",""
"1766","292.9","9.2","","","",""
"1767","292.9","9.2","","","",""
"1768","293.2","8.9","","","",""
"1769","293.4","8.9","","","",""
"1770","293.4","8.1","","","",""
"1771","293.6","7.8","","","",""
"1772","293.8","8.3","","","",""
"1773","294","9.4","","","",""
"1774","294.2","9.8","","","",""
"1775","294.5","10","","","",""
"1776","294.7","9.5","","","",""
"1777","294.9","9.2","","","",""
"1778","294.9","9.4","","","",""
"1779","294.9","10","","","",""
"1780","295.1","9.8","","","",""
"1781","295.1","9.5","","","",""
"1782","295.4","9.2","","","",""
"1783","295.5","9.2","","","",""
"1784","295.8","9.8","","","",""
"1785","296","10","","","",""
"1786","296.4","9.8","","","",""
"1787","296.4","9.5","","","",""
"1788","296.7","9.2","","","",""
"1789","296.9","9.8","","","",""
"1790","296.9","10","","","",""
"1791","296.9","10","","","",""
"1792","297.1","9.5","","","",""
"1793","297.3","8.9","","","",""
"1794","297.3","8.6","","","",""
"1795","297.3","8.4","","","",""
"1796","297.6","8.4","","","",""
"1797","297.7","8.6","","","",""
"1798","298.2","9.4","","","",""
"1799","298.4","9.4","","","",""
"1800","298.6","9.2","","","",""
"1801","298.6","9.8","","","",""
"1802","298.6","9.8","","","",""
"1803","298.6","10","","","",""
"1804","298.6","9.8","","","",""
"1805","298.9","9.8","","","",""
"1806","298.9","9.8","","","",""
"1807","298.9","10","","","",""
"1808","299.1","10.4","","","",""
"1809","299.3","11.1","","","",""
"1810","299.5","11.4","","","",""
"1811","299.7","11.4","","","",""
"1812","299.7","11.4","","","",""
"1813","299.9","11.1","","","",""
"1814","300.2","10.8","","","",""
"1815","300.2","10.4","","","",""
"1816","300.2","10.1","","","",""
"1817","300.2","9.8","","","",""
"1818","300.2","9.2","","","",""
"1819","300.2","8.9","","","",""
"1820","300.2","8.6","","","",""
"1821","300.2","8.4","","","",""
"1822","300.2","8.1","","","",""
"1823","300.2","8.1","","","",""
"1824","300.4","7.8","","","",""
"1825","300.5","7.8","","","",""
"1826","300.7","8","","","",""
"1827","301.1","8.5","","","",""
"1828","301.1","9.1","","","",""
"1829","301.3","10","","","",""
"1830","301.7","10.3","","","",""
"1831","302","10.7","","","",""
"1832","302.2","9.8","","","",""
"1833","302.4","9.7","","","",""
"1834","302.9","10.7","","","",""
"1835","303.1","10.7","","","",""
"1836","303.1","11.4","","","",""
"1837","303.1","10.7","","","",""
"1838","303.1","10","","","",""
"1839","303.3","9.8","","","",""
"1840","303.5","9.4","","","",""
"1841","303.8","9.7","","","",""
"1842","303.8","10","","","",""
"1843","303.8","10.7","","","",""
"1844","303.8","10.7","","","",""
"1845","303.9","10","","","",""
"1846","303.9","9.8","","","",""
"1847","304.2","9.8","","","",""
"1848","304.4","10.3","","","",""
"1849","304.4","10.7","","","",""
"1850","304.6","10","","","",""
"1851","304.6","9.8","","","",""
"1852","304.8","9.8","","","",""
"1853","305.1","9.4","","","",""
"1854","305.1","9.2","","","",""
"1855","305.1","9.4","","","",""
"1856","305.1","9.7","","","",""
"1857","305.3","10.3","","","",""
"1858","305.7","10.3","","","",""
"1859","305.7","10.3","","","",""
"1860","305.7","9.2","","","",""
"1861","305.9","8.6","","","",""
"1862","305.9","8.3","","","",""
"1863","306.1","8.1","","","",""
"1864","306.1","8.8","","","",""
"1865","306.1","9.1","","","",""
"1866","306.4","9.7","","","",""
"1867","306.6","10","","","",""
"1868","306.6","10","","","",""
"1869","306.8","9.8","","","",""
"1870","306.8","9.8","","","",""
"1871","307.3","9.8","","","",""
"1872","307.3","9.8","","","",""
"1873","307.5","9.8","","","",""
"1874","307.7","10","","","",""
"1875","307.9","10.3","","","",""
"1876","308.1","10.3","","","",""
"1877","308.3","10","","","",""
"1878","308.3","9.8","","","",""
"1879","308.3","9.4","","","",""
"1880","308.3","9.2","","","",""
"1881","308.6","9.4","","","",""
"1882","308.6","9.7","","","",""
"1883","309","9.7","","","",""
"1884","309.2","9.4","","","",""
"1885","309.2","9.2","","","",""
"1886","309.5","8.6","","","",""
"1887","310.1","8.5","","","",""
"1888","310.3","9.1","","","",""
"1889","310.3","9.1","","","",""
"1890","310.8","9.7","","","",""
"1891","311.4","10","","","",""
"1892","311.4","10","","","",""
"1893","311.4","10.7","","","",""
"1894","311.4","10.7","","","",""
"1895","311.4","10","","","",""
"1896","311.7","10","","","",""
"1897","311.8","10.3","","","",""
"1898","312.1","11.4","","","",""
"1899","312.1","11.4","","","",""
"1900","312.3","11.4","","","",""
"1901","312.3","11.4","","","",""
"1902","312.3","11.1","","","",""
"1903","312.7","10.4","","","",""
"1904","312.7","10","","","",""
"1905","312.7","9.2","","","",""
"1906","313","8.8","","","",""
"1907","313.4","10","","","",""
"1908","313.4","10.3","","","",""
"1909","313.4","10.7","","","",""
"1910","313.4","10","","","",""
"1911","313.4","9.8","","","",""
"1912","313.4","9.8","","","",""
"1913","313.6","10.3","","","",""
"1914","313.8","10","","","",""
"1915","314","9.4","","","",""
"1916","314.3","9.4","","","",""
"1917","314.5","9.7","","","",""
"1918","314.5","10.3","","","",""
"1919","314.5","10.7","","","",""
"1920","314.7","11","","","",""
"1921","315.6","11","","","",""
"1922","315.6","11.4","","","",""
"1923","315.8","10.4","","","",""
"1924","315.8","9.8","","","",""
"1925","315.8","8.8","","","",""
"1926","316","8.6","","","",""
"1927","316.2","8.8","","","",""
"1928","316.5","9.1","","","",""
"1929","316.5","9.4","","","",""
"1930","316.7","10.3","","","",""
"1931","316.9","10.3","","","",""
"1932","316.9","10","","","",""
"1933","317.1","10.3","","","",""
"1934","317.5","10.7","","","",""
"1935","317.5","11","","","",""
"1936","317.8","11.4","","","",""
"1937","318.2","11.4","","","",""
"1938","318.4","11.1","","","",""
"1939","318.4","10.7","","","",""
"1940","318.4","10","","","",""
"1941","318.4","9.4","","","",""
"1942","318.4","8.6","","","",""
"1943","318.4","9.1","","","",""
"1944","318.4","9.7","","","",""
"1945","318.7","8.6","","","",""
"1946","318.9","8.3","","","",""
"1947","319.1","8.1","","","",""
"1948","319.1","8.3","","","",""
"1949","319.1","8.5","","","",""
"1950","319.3","9.1","","","",""
"1951","319.5","9.4","","","",""
"1952","320","10.3","","","",""
"1953","320.2","10.7","","","",""
"1954","320.2","11.4","","","",""
"1955","320.4","10.7","","","",""
"1956","320.4","10.4","","","",""
"1957","320.6","10.4","","","",""
"1958","320.6","10.7","","","",""
"1959","320.9","11.4","","","",""
"1960","321.1","11.4","","","",""
"1961","321.1","11.1","","","",""
"1962","321.3","11.8","","","",""
"1963","321.3","11.8","","","",""
"1964","321.5","11.8","","","",""
"1965","321.7","11.8","","","",""
"1966","321.7","11.1","","","",""
"1967","321.7","10.7","","","",""
"1968","321.9","10.7","","","",""
"1969","321.9","10.7","","","",""
"1970","321.9","11.4","","","",""
"1971","321.9","11.4","","","",""
"1972","322.4","11.8","","","",""
"1973","322.4","12.5","","","",""
"1974","322.6","11.4","","","",""
"1975","322.6","11.1","","","",""
"1976","322.8","11.1","","","",""
"1977","323.1","11.8","","","",""
"1978","323.1","12.2","","","",""
"1979","323.1","12.2","","","",""
"1980","323.2","13.9","","","",""
"1981","323.2","14.8","","","",""
"1982","323.2","15.8","","","",""
"1983","323.9","14.4","","","",""
"1984","323.9","12.7","","","",""
"1985","323.9","11.9","","","",""
"1986","323.9","11.4","","","",""
"1987","324.4","10.7","","","",""
"1988","324.6","10.4","","","",""
"1989","324.8","10.4","","","",""
"1990","324.8","9.8","","","",""
"1991","324.8","9.4","","","",""
"1992","324.8","9.4","","","",""
"1993","324.8","9.2","","","",""
"1994","325.4","8.8","","","",""
"1995","323.7","13.4","","","",""
"1996","323.7","13.9","","","",""
"1997","323.7","14.8","","","",""
"1998","323.7","14.8","","","",""
"1999","323.5","15.8","","","",""
"2000","323.3","16.2","","","",""
"2001","323.3","15.4","","","",""
"2002","323.3","14.8","","","",""
"2003","323.3","13.9","","","",""
"2004","323.3","13","","","",""
"2005","323.3","12.2","","","",""
"2006","323.3","11.9","","","",""
"2007","325.3","9.8","","","",""
"2008","325.3","9.8","","","",""
"2009","325.7","10.1","","","",""
"2010","325.7","11.5","","","",""
"2011","325.7","11.5","","","",""
"2012","326.2","11.2","","","",""
"2013","326.2","11.2","","","",""
"2014","326.4","11.2","","","",""
"2015","326.4","11.5","","","",""
"2016","326.4","12.3","","","",""
"2017","326.9","13.1","","","",""
"2018","326.9","13.1","","","",""
"2019","326.9","13.5","","","",""
"2020","326.9","14","","","",""
"2021","327.1","14.4","","","",""
"2022","327.1","13.6","","","",""
"2023","327.1","13.1","","","",""
"2024","327.1","12.3","","","",""
"2025","327.5","12.7","","","",""
"2026","327.5","13.1","","","",""
"2027","327.5","13.1","","","",""
"2028","327.8","12.3","","","",""
"2029","327.8","11.5","","","",""
"2030","327.8","11.2","","","",""
"2031","327.9","12.3","","","",""
"2032","327.9","13.1","","","",""
"2033","328.2","13.5","","","",""
"2034","328.4","13.5","","","",""
"2035","328.6","14.4","","","",""
"2036","328.6","14.4","","","",""
"2037","328.8","12.8","","","",""
"2038","328.8","12","","","",""
"2039","329.1","11.2","","","",""
"2040","329.3","11.9","","","",""
"2041","329.3","13.1","","","",""
"2042","329.3","13.5","","","",""
"2043","329.9","12.8","","","",""
"2044","330.1","12.8","","","",""
"2045","330.1","13.1","","","",""
"2046","330.4","13.5","","","",""
"2047","330.6","13.5","","","",""
"2048","331.3","13.5","","","",""
"2049","331.3","12.8","","","",""
"2050","331.3","12.8","","","",""
"2051","331.7","13.5","","","",""
"2052","331.7","14","","","",""
"2053","331.9","14","","","",""
"2054","331.9","12.8","","","",""
"2055","332.1","11.2","","","",""
"2056","332.6","9.9","","","",""
"2057","333","10.4","","","",""
"2058","333","10.8","","","",""
"2059","333","11.1","","","",""
"2060","333.2","11.5","","","",""
"2061","333.2","12.3","","","",""
"2062","333.5","13.1","","","",""
"2063","333.6","14","","","",""
"2064","333.6","12.3","","","",""
"2065","333.6","12.3","","","",""
"2066","333.9","13.1","","","",""
"2067","333.9","13.5","","","",""
"2068","334.3","14","","","",""
"2069","334.3","14","","","",""
"2070","334.8","12.8","","","",""
"2071","334.8","12.3","","","",""
"2072","335","11.5","","","",""
"2073","335.8","10.1","","","",""
"2074","335.8","11.1","","","",""
"2075","335.8","11.9","","","",""
"2076","335.8","12.7","","","",""
"2077","336.1","13.5","","","",""
"2078","336.3","14","","","",""
"2079","336.3","14.4","","","",""
"2080","336.5","12.3","","","",""
"2081","336.5","11.5","","","",""
"2082","336.5","11.2","","","",""
"2083","336.5","10.5","","","",""
"2084","336.5","10.1","","","",""
"2085","336.7","10.4","","","",""
"2086","336.7","11.9","","","",""
"2087","336.7","13.1","","","",""
"2088","336.7","14","","","",""
"2089","336.7","14","","","",""
"2090","337","14.9","","","",""
"2091","337","15.4","","","",""
"2092","337","15.9","","","",""
"2093","337","15.9","","","",""
"2094","337.2","17","","","",""
"2095","337.2","17","","","",""
"2096","337.2","16.5","","","",""
"2097","337.2","15.9","","","",""
"2098","337.8","14.5","","","",""
"2099","337.8","13.1","","","",""
"2100","337.8","12.8","","","",""
"2101","338","12","","","",""
"2102","338.3","11.5","","","",""
"2103","338.7","11.5","","","",""
"2104","338.9","11.5","","","",""
"2105","338.9","11.2","","","",""
"2106","339.2","10.5","","","",""
"2107","339.3","10.5","","","",""
"2108","339.6","10.5","","","",""
"2109","339.8","11.1","","","",""
"2110","340","10.8","","","",""
"2111","340.2","10.5","","","",""
"2112","340.7","10.5","","","",""
"2113","340.7","9.9","","","",""
"2114","340.9","9.9","","","",""
"2115","341.1","9.5","","","",""
"2116","341.4","9.8","","","",""
"2117","341.4","10.1","","","",""
"2118","341.5","10.4","","","",""
"2119","341.8","10.1","","","",""
"2120","342","9.5","","","",""
"2121","342.4","10.1","","","",""
"2122","342.4","10.4","","","",""
"2123","342.4","10.4","","","",""
"2124","342.4","11.1","","","",""
"2125","342.7","11.1","","","",""
"2126","342.9","10.8","","","",""
"2127","343.1","10.5","","","",""
"2128","343.1","9.9","","","",""
"2129","343.1","9.9","","","",""
"2130","343.3","10.1","","","",""
"2131","343.5","10.1","","","",""
"2132","343.5","9.9","","","",""
"2133","343.7","9.5","","","",""
"2134","344","8.9","","","",""
"2135","344.4","9.2","","","",""
"2136","344.6","9.5","","","",""
"2137","345.7","9.5","","","",""
"2138","345.9","10.4","","","",""
"2139","345.5","9.9","","","",""
"2140","345.7","9.2","","","",""
"2141","345.7","8.9","","","",""
"2142","346.2","8.9","","","",""
"2143","346.2","8.7","","","",""
"2144","346.6","8.4","","","",""
"2145","347.2","8.4","","","",""
"2146","347.5","8.9","","","",""
"2147","347.7","9.2","","","",""
"2148","347.9","9.2","","","",""
"2149","347.9","8.9","","","",""
"2150","348.4","8.1","","","",""
"2151","348.4","8.1","","","",""
"2152","348.4","8.4","","","",""
"2153","348.4","9.5","","","",""
"2154","348.6","9.8","","","",""
"2155","348.6","9.8","","","",""
"2156","348.6","10.4","","","",""
"2157","348.8","10.4","","","",""
"2158","349","10.8","","","",""
"2159","349","10.8","","","",""
"2160","349","9.9","","","",""
"2161","349","9.5","","","",""
"2162","349","9.2","","","",""
"2163","349.2","8.9","","","",""
"2164","349.2","8.7","","","",""
"2165","349.2","8.7","","","",""
"2166","349.4","8.1","","","",""
"2167","349.9","8.1","","","",""
"2168","332.6","11.5","","","",""
"2169","332.6","11.9","","","",""
"2170","332.4","12.7","","","",""
"2171","332.4","13.5","","","",""
"2172","332.4","13.5","","","",""
"2173","331.9","13.5","","","",""
"2174","324.9","10.4","","","",""
"2175","324.7","10.8","","","",""
"2176","324.2","10.8","","","",""
"2177","324.2","11.9","","","",""
"2178","324.2","11.9","","","",""
"2179","324.2","13.1","","","",""
"2180","324.2","13.5","","","",""
"2181","324.2","14","","","",""
"2182","324.2","14.4","","","",""
"2183","324.2","15.4","","","",""
"2184","323.8","16.4","","","",""
"2185","323.6","16.4","","","",""
"2186","323.6","16.4","","","",""
"2187","323.6","16.4","","","",""
"2188","323.6","15.9","","","",""
"2189","323.6","15.5","","","",""
"2190","323.6","15.5","","","",""
"2191","323.6","14.9","","","",""
"2192","323.8","14","","","",""
"2193","323.8","14","","","",""
"2194","323.8","13.1","","","",""
"2195","323.6","12.8","","","",""
"2196","323.4","12.8","","","",""
"2197","323.4","12.3","","","",""
"2198","323.2","12.3","","","",""
"2199","323.2","12.3","","","",""
"2200","323.2","12","","","",""
"2201","323.2","11.5","","","",""
"2202","323.2","11.2","","","",""
"2203","336.6","10.5","","","",""
"2204","336.6","10.8","","","",""
"2205","336.6","11.5","","","",""
"2206","336.6","12.3","","","",""
"2207","336.6","12.7","","","",""
"2208","336.8","13.1","","","",""
"2209","336.8","13.5","","","",""
"2210","337","14","","","",""
"2211","337","14.9","","","",""
"2212","337","15.4","","","",""
"2213","337.2","15.4","","","",""
"2214","348.5","10.1","","","",""
"2215","348.5","9.5","","","",""
"2216","348.7","9.2","","","",""
"2217","348.7","8.9","","","",""
"2218","348.9","8.7","","","",""
"2219","349.1","8.4","","","",""
"2220","349.1","8.4","","","",""
"2221","349.6","8.1","","","",""
"2222","350.2","7.6","","","",""
"2223","350.4","7.6","","","",""
"2224","350.6","7.6","","","",""
"2225","350.6","7.8","","","",""
"2226","350.6","8.6","","","",""
"2227","350.6","8.9","","","",""
"2228","350.6","8.9","","","",""
"2229","350.9","8.9","","","",""
"2230","351.1","8.7","","","",""
"2231","351.1","8.4","","","",""
"2232","351.1","8.1","","","",""
"2233","351.3","8.1","","","",""
"2234","351.5","8.1","","","",""
"2235","351.5","8.1","","","",""
"2236","351.8","8.1","","","",""
"2237","351.8","8.1","","","",""
"2238","351.8","7.8","","","",""
"2239","352","7.8","","","",""
"2240","352","7.8","","","",""
"2241","352.4","8.6","","","",""
"2242","352.4","8.6","","","",""
"2243","352.8","8.6","","","",""
"2244","353.1","8.9","","","",""
"2245","353.1","8.7","","","",""
"2246","353.1","8.4","","","",""
"2247","353.1","8.1","","","",""
"2248","353.1","7.6","","","",""
"2249","353.1","7.6","","","",""
"2250","353.1","7.6","","","",""
"2251","353.3","7.6","","","",""
"2252","353.5","8.1","","","",""
"2253","353.5","8.1","","","",""
"2254","354","8.1","","","",""
"2255","354","8.1","","","",""
"2256","354","7.1","","","",""
"2257","354","6.9","","","",""
"2258","354.2","7.3","","","",""
"2259","354.2","7.8","","","",""
"2260","354.4","8.4","","","",""
"2261","354.4","8.9","","","",""
"2262","354.6","8.4","","","",""
"2263","354.9","8.1","","","",""
"2264","355.3","7.6","","","",""
"2265","355.5","7.1","","","",""
"2266","355.9","7.8","","","",""
"2267","355.9","7.8","","","",""
"2268","356.2","7.8","","","",""
"2269","356.6","7.6","","","",""
"2270","357.1","7.6","","","",""
"2271","357.3","7.8","","","",""
"2272","357.3","8.4","","","",""
"2273","357.3","7.8","","","",""
"2274","357.7","7.3","","","",""
"2275","358.1","7.1","","","",""
"2276","358.4","7.1","","","",""
"2277","358.6","7.5","","","",""
"2278","359.3","7.8","","","",""
"2279","359.5","8.1","","","",""
"2280","359.7","8.1","","","",""
"2281","359.9","7.8","","","",""
"2282","360.2","7.6","","","",""
"2283","360.3","7.6","","","",""
"2284","360.6","7.6","","","",""
"2285","360.8","7.8","","","",""
"2286","361","8.4","","","",""
"2287","361.5","8.4","","","",""
"2288","361.9","8.4","","","",""
"2289","362.1","7.8","","","",""
"2290","363","7.8","","","",""
"2291","363.3","7.8","","","",""
"2292","363.3","7.6","","","",""
"2293","363.3","7.3","","","",""
"2294","363.4","7.3","","","",""
"2295","363.7","7.3","","","",""
"2296","364.1","7.5","","","",""
"2297","364.1","7.8","","","",""
"2298","364.3","7.6","","","",""
"2299","364.6","7.6","","","",""
"2300","364.6","7.3","","","",""
"2301","364.8","7.3","","","",""
"2302","364.8","7.3","","","",""
"2303","365","7.8","","","",""
"2304","365.5","7.6","","","",""
"2305","365.7","7.6","","","",""
"2306","366.1","7.6","","","",""
"2307","366.1","7.8","","","",""
"2308","366.1","7.8","","","",""
"2309","366.3","7.3","","","",""
"2310","366.5","7.1","","","",""
"2311","367","7.1","","","",""
"2312","367.2","7.3","","","",""
"2313","367.4","6.9","","","",""
"2314","367.4","6.9","","","",""
"2315","367.9","7.3","","","",""
"2316","367.9","7.5","","","",""
"2317","368.3","7.8","","","",""
"2318","368.6","7.6","","","",""
"2319","368.6","7.3","","","",""
"2320","368.7","8.4","","","",""
"2321","368.7","8.4","","","",""
"2322","369.2","7.6","","","",""
"2323","369.2","7.3","","","",""
"2324","369.6","7.3","","","",""
"2325","369.9","7.5","","","",""
"2326","370.1","7.5","","","",""
"2327","370.1","7.8","","","",""
"2328","370.3","7.6","","","",""
"2329","370.3","7.3","","","",""
"2330","370.3","7.1","","","",""
"2331","370.3","7.1","","","",""
"2332","370.5","6.7","","","",""
"2333","370.8","6.5","","","",""
"2334","371","6.3","","","",""
"2335","371","6.6","","","",""
"2336","371.2","7.1","","","",""
"2337","371.4","7.1","","","",""
"2338","371.4","7.1","","","",""
"2339","371.8","7.3","","","",""
"2340","371.8","7.3","","","",""
"2341","372.1","7.3","","","",""
"2342","372.5","7.1","","","",""
"2343","372.7","7.3","","","",""
"2344","372.7","7.3","","","",""
"2345","373","7.3","","","",""
"2346","373.2","7.8","","","",""
"2347","373.2","7.8","","","",""
"2348","373.6","7.8","","","",""
"2349","373.6","7.8","","","",""
"2350","373.9","7.8","","","",""
"2351","373.9","7.6","","","",""
"2352","373.9","7.3","","","",""
"2353","374.1","7.1","","","",""
"2354","374.3","7.1","","","",""
"2355","374.3","7.3","","","",""
"2356","374.5","7.3","","","",""
"2357","374.7","7.5","","","",""
"2358","374.7","7.5","","","",""
"2359","374.9","7.8","","","",""
"2360","374.9","7.8","","","",""
"2361","375.2","7.8","","","",""
"2362","375.2","7.6","","","",""
"2363","375.6","7.3","","","",""
"2364","375.8","7.3","","","",""
"2365","375.1","8.1","","","",""
"2366","375.6","8.1","","","",""
"2367","376","7.6","","","",""
"2368","376","7.4","","","",""
"2369","376","7.4","","","",""
"2370","376.4","7.4","","","",""
"2371","376.6","7.4","","","",""
"2372","376.9","7.4","","","",""
"2373","377.3","7.6","","","",""
"2374","377.5","7.8","","","",""
"2375","377.5","8.1","","","",""
"2376","378","8.1","","","",""
"2377","378.4","7.6","","","",""
"2378","378.7","7.6","","","",""
"2379","378.7","8.1","","","",""
"2380","379.3","8.1","","","",""
"2381","379.5","8.1","","","",""
"2382","379.7","7.6","","","",""
"2383","380","7.8","","","",""
"2384","380","8.1","","","",""
"2385","380","8.4","","","",""
"2386","380.2","8.9","","","",""
"2387","380.2","8.9","","","",""
"2388","380.4","8.7","","","",""
"2389","380.6","8.4","","","",""
"2390","380.6","7.6","","","",""
"2391","380.9","7.4","","","",""
"2392","381.3","7.8","","","",""
"2393","381.3","8.1","","","",""
"2394","381.8","8.4","","","",""
"2395","382.2","8.7","","","",""
"2396","382.2","8.9","","","",""
"2397","382.6","9.5","","","",""
"2398","382.8","9.2","","","",""
"2399","382.8","9","","","",""
"2400","382.8","8.1","","","",""
"2401","383.3","8.1","","","",""
"2402","383.5","8.1","","","",""
"2403","383.7","8.1","","","",""
"2404","384","8.4","","","",""
"2405","384","8.1","","","",""
"2406","384.1","7.4","","","",""
"2407","384.4","8.1","","","",""
"2408","384.6","8.7","","","",""
"2409","384.6","8.7","","","",""
"2410","384.8","7.4","","","",""
"2411","385.3","6.5","","","",""
"2412","385.5","6.7","","","",""
"2413","385.7","7.3","","","",""
"2414","385.7","8.1","","","",""
"2415","385.9","7.9","","","",""
"2416","385.9","7.6","","","",""
"2417","386.4","7.6","","","",""
"2418","386.4","7.8","","","",""
"2419","386.4","8.7","","","",""
"2420","386.6","9.2","","","",""
"2421","386.6","9.9","","","",""
"2422","386.6","10.5","","","",""
"2423","387.1","9.6","","","",""
"2424","387.2","8.7","","","",""
"2425","387.5","7.9","","","",""
"2426","387.5","7.4","","","",""
"2427","387.7","6.9","","","",""
"2428","388.1","6.3","","","",""
"2429","388.6","7.1","","","",""
"2430","388.6","8.4","","","",""
"2431","388.8","10.1","","","",""
"2432","389","10.5","","","",""
"2433","389","10.8","","","",""
"2434","389","12.8","","","",""
"2435","389.3","13.1","","","",""
"2436","389.3","13.6","","","",""
"2437","389.3","14.9","","","",""
"2438","389.3","15.9","","","",""
"2439","389.3","16.5","","","",""
"2440","389.3","17","","","",""
"2441","389.5","17.2","","","",""
"2442","389.7","15.5","","","",""
"2443","389.9","14.5","","","",""
"2444","389.9","13.2","","","",""
"2445","390.1","14.5","","","",""
"2446","390.3","14.9","","","",""
"2447","390.6","15.9","","","",""
"2448","390.8","15.9","","","",""
"2449","390.8","15.5","","","",""
"2450","390.8","15.1","","","",""
"2451","390.8","14.5","","","",""
"2452","391","13.6","","","",""
"2453","391.2","15.9","","","",""
"2454","391.5","14.1","","","",""
"2455","391.9","13.6","","","",""
"2456","392.1","13.6","","","",""
"2457","392.4","13.2","","","",""
"2458","392.4","12.8","","","",""
"2459","392.4","12","","","",""
"2460","393","11.6","","","",""
"2461","393.2","13.6","","","",""
"2462","393.2","14.5","","","",""
"2463","393.4","15.9","","","",""
"2464","393.7","17.6","","","",""
"2465","394.1","18.8","","","",""
"2466","394.3","19.3","","","",""
"2467","394.3","17.6","","","",""
"2468","394.3","16.5","","","",""
"2469","394.6","17.6","","","",""
"2470","394.8","18.8","","","",""
"2471","395","18.8","","","",""
"2472","395","17.2","","","",""
"2473","395","15.5","","","",""
"2474","395","14.5","","","",""
"2475","395","14.1","","","",""
"2476","395.2","14.1","","","",""
"2477","395.5","14.9","","","",""
"2478","395.6","15.5","","","",""
"2479","395.9","15.5","","","",""
"2480","395.9","15.1","","","",""
"2481","396.1","15.9","","","",""
"2482","396.3","16.5","","","",""
"2483","396.3","17","","","",""
"2484","396.3","17.6","","","",""
"2485","396.3","17.6","","","",""
"2486","396.5","18.8","","","",""
"2487","396.8","19.3","","","",""
"2488","397","18.8","","","",""
"2489","397.2","17.6","","","",""
"2490","397.4","16.5","","","",""
"2491","397.4","16.1","","","",""
"2492","397.4","15.5","","","",""
"2493","397.9","14.5","","","",""
"2494","397.9","14.5","","","",""
"2495","398.1","14.1","","","",""
"2496","398.3","13.2","","","",""
"2497","399","13.2","","","",""
"2498","399.2","13.2","","","",""
"2499","399.4","12.8","","","",""
"2500","399.4","12","","","",""
"2501","399.6","11.6","","","",""
"2502","399.9","11.2","","","",""
"2503","399.9","10.5","","","",""
"2504","400.1","10.5","","","",""
"2505","400.5","11.5","","","",""
"2506","400.5","12","","","",""
"2507","400.5","11.6","","","",""
"2508","400.8","10.5","","","",""
"2509","388.3","7.6","","","",""
"2510","388.5","8.1","","","",""
"2511","388.7","8.9","","","",""
"2512","388.7","9.2","","","",""
"2513","388.9","10.8","","","",""
"2514","389.1","12","","","",""
"2515","389.4","12.8","","","",""
"2516","400.9","10.4","","","",""
"2517","400.9","10.4","","","",""
"2518","400.9","10.8","","","",""
"2519","401.1","11.5","","","",""
"2520","401.1","12.7","","","",""
"2521","401.1","13.5","","","",""
"2522","401.1","15.9","","","",""
"2523","401.5","17","","","",""
"2524","401.5","19.3","","","",""
"2525","401.8","22","","","",""
"2526","401.8","24.1","","","",""
"2527","401.8","26.7","","","",""
"2528","401.8","28.5","","","",""
"2529","401.8","31.2","","","",""
"2530","401.8","34.6","","","",""
"2531","401.8","43.1","","","",""
"2532","402","43.5","","","",""
"2533","402.2","42","","","",""
"2534","402.2","39.3","","","",""
"2535","402.2","34.6","","","",""
"2536","402.6","35.5","","","",""
"2537","402.6","36.9","","","",""
"2538","402.8","28.5","","","",""
"2539","402.8","27.7","","","",""
"2540","402.8","26","","","",""
"2541","403.1","27.5","","","",""
"2542","403.1","28.5","","","",""
"2543","403.3","29.3","","","",""
"2544","403.3","28.5","","","",""
"2545","403.5","22.8","","","",""
"2546","403.5","22.8","","","",""
"2547","403.7","22.8","","","",""
"2548","403.7","24.1","","","",""
"2549","404.1","25","","","",""
"2550","404.1","24.4","","","",""
"2551","404.6","23.5","","","",""
"2552","404.6","23.5","","","",""
"2553","405.2","23.5","","","",""
"2554","405.2","24.1","","","",""
"2555","405.7","23.5","","","",""
"2556","405.9","22.8","","","",""
"2557","406.3","22.8","","","",""
"2558","406.3","22.8","","","",""
"2559","407","19.3","","","",""
"2560","407","18.8","","","",""
"2561","407.2","20.6","","","",""
"2562","407.2","20.6","","","",""
"2563","407.2","20.1","","","",""
"2564","407.4","18.1","","","",""
"2565","408","18.6","","","",""
"2566","408","20.6","","","",""
"2567","408","22","","","",""
"2568","408.3","22","","","",""
"2569","408.5","22","","","",""
"2570","408.5","20.6","","","",""
"2571","408.7","21.2","","","",""
"2572","408.7","22.6","","","",""
"2573","408.9","22.6","","","",""
"2574","409.1","24.1","","","",""
"2575","409.1","26.7","","","",""
"2576","409.3","27.5","","","",""
"2577","409.7","25","","","",""
"2578","410.2","22","","","",""
"2579","410.6","20.1","","","",""
"2580","411","21.2","","","",""
"2581","411","22","","","",""
"2582","411","23.5","","","",""
"2583","411.3","25.7","","","",""
"2584","411.3","26.7","","","",""
"2585","411.5","30.4","","","",""
"2586","411.5","32.4","","","",""
"2587","411.9","31.5","","","",""
"2588","411.9","26","","","",""
"2589","412.6","21.4","","","",""
"2590","413.2","18.1","","","",""
"2591","413.5","22","","","",""
"2592","413.5","25","","","",""
"2593","413.5","28.5","","","",""
"2594","413.5","29.3","","","",""
"2595","413.5","31.2","","","",""
"2596","413.5","31.2","","","",""
"2597","413.5","32.4","","","",""
"2598","413.5","29.6","","","",""
"2599","413.5","29.3","","","",""
"2600","413.5","30.4","","","",""
"2601","413.5","34.6","","","",""
"2602","413.6","40.4","","","",""
"2603","413.6","42","","","",""
"2604","413.6","54.3","","","",""
"2605","413.6","55.9","","","",""
"2606","413.9","58","","","",""
"2607","413.9","59.6","","","",""
"2608","414.1","56.4","","","",""
"2609","414.5","49.5","","","",""
"2610","414.5","46.4","","","",""
"2611","414.5","42","","","",""
"2612","414.5","40.8","","","",""
"2613","415.4","44.8","","","",""
"2614","415.4","46","","","",""
"2615","415.4","50.9","","","",""
"2616","415.4","59.6","","","",""
"2617","415.6","61.8","","","",""
"2618","415.8","52.8","","","",""
"2619","415.8","40.8","","","",""
"2620","415.8","33.6","","","",""
"2621","416","26.7","","","",""
"2622","416.2","21.4","","","",""
"2623","416.2","19.3","","","",""
"2624","416.2","16.5","","","",""
"2625","416.5","14","","","",""
"2626","416.5","12.3","","","",""
"2627","416.9","10.1","","","",""
"2628","416.9","8.7","","","",""
"2629","416.9","8.1","","","",""
"2630","417.1","7.8","","","",""
"2631","417.3","8.6","","","",""
"2632","417.5","9.2","","","",""
"2633","418","9.5","","","",""
"2634","418","9.5","","","",""
"2635","418.2","9.5","","","",""
"2636","418.2","10.8","","","",""
"2637","418.4","12.7","","","",""
"2638","419.1","12","","","",""
"2639","419.1","12","","","",""
"2640","419.3","11.5","","","",""
"2641","419.9","11.2","","","",""
"2642","419.9","10.5","","","",""
"2643","419.9","10.1","","","",""
"2644","419.9","11.9","","","",""
"2645","420.1","13.5","","","",""
"2646","420.4","16.4","","","",""
"2647","420.8","18.6","","","",""
"2648","421","22","","","",""
"2649","421","24.1","","","",""
"2650","421","25.7","","","",""
"2651","421","26.7","","","",""
"2652","421.2","23.5","","","",""
"2653","421.2","23.5","","","",""
"2654","421.7","24.1","","","",""
"2655","421.7","26.7","","","",""
"2656","422.1","29.3","","","",""
"2657","422.3","32.4","","","",""
"2658","422.3","33.3","","","",""
"2659","422.3","35.5","","","",""
"2660","422.3","40.4","","","",""
"2661","422.3","43.1","","","",""
"2662","422.3","50.9","","","",""
"2663","422.7","67.8","","","",""
"2664","422.7","70.3","","","",""
"2665","422.7","82.3","","","",""
"2666","423","85.4","","","",""
"2667","423","93.6","","","",""
"2668","423","97.1","","","",""
"2669","423","103.6","","","",""
"2670","423","103.6","","","",""
"2671","423.1","106.5","","","",""
"2672","423.6","97.1","","","",""
"2673","423.4","88.6","","","",""
"2674","423.4","85.4","","","",""
"2675","423.4","91.1","","","",""
"2676","423.6","93.6","","","",""
"2677","423.6","97.1","","","",""
"2678","423.8","97.1","","","",""
"2679","423.8","103.6","","","",""
"2680","423.8","110.5","","","",""
"2681","423.8","107.5","","","",""
"2682","424","103.6","","","",""
"2683","424","110.5","","","",""
"2684","424","117.9","","","",""
"2685","424.3","125.8","","","",""
"2686","424.3","137.9","","","",""
"2687","424.4","156.9","","","",""
"2688","424.4","162.8","","","",""
"2689","424.7","178.6","","","",""
"2690","424.9","190.5","","","",""
"2691","424.9","197.6","","","",""
"2692","413.2","25","","","",""
"2693","413.2","23.5","","","",""
"2694","413.2","22.8","","","",""
"2695","412.8","21.4","","","",""
"2696","412.2","20.6","","","",""
"2697","412.2","22.6","","","",""
"2698","412.6","24.1","","","",""
"2699","412.6","26.7","","","",""
"2700","412.4","29.3","","","",""
"2701","411.7","32.4","","","",""
"2702","411.5","31.5","","","",""
"2703","411.5","28.5","","","",""
"2704","403.3","25","","","",""
"2705","403.3","25.7","","","",""
"2706","403.5","26.7","","","",""
"2707","403.5","28.5","","","",""
"2708","403.5","28.5","","","",""
"2709","402.6","29.3","","","",""
"2710","402.6","30.4","","","",""
"2711","402.6","32.4","","","",""
"2712","402.5","34.6","","","",""
"2713","401.2","14.4","","","",""
"2714","401.2","14.4","","","",""
"2715","401.2","14.9","","","",""
"2716","401.2","15.9","","","",""
"2717","401.2","16.4","","","",""
"2718","401.4","14.5","","","",""
"2719","401.4","13.6","","","",""
"2720","412.6","22.8","","","",""
"2721","412.6","23.5","","","",""
"2722","412.6","24.1","","","",""
"2723","412.4","26.7","","","",""
"2724","412","27.5","","","",""
"2725","412","28.5","","","",""
"2726","413.9","36.9","","","",""
"2727","413.9","44.8","","","",""
"2728","413.9","49.1","","","",""
"2729","413.9","52.4","","","",""
"2730","414.1","55.9","","","",""
"2731","414.3","59.6","","","",""
"2732","414.5","58","","","",""
"2733","414.5","50.9","","","",""
"","","","","","",""
